Player,Nation,Pos,Squad,Age,Born,90s,Ast,xAG,xA,A-xAG,KP,1/3,PPA,CrsPA,PrgP
Che Adams,sct SCO,FW,Southampton,26-280,1996,20.8,0.14,0.13,0.11,0.01,1.15,0.96,0.48,0.1,1.44
Miguel Almirón,py PAR,FW,Newcastle Utd,29-068,1994,22.4,0.04,0.07,0.1,-0.03,0.8,1.65,1.12,0.09,4.78
Michail Antonio,jm JAM,FW,West Ham,33-022,1990,15.5,0.13,0.07,0.05,0.06,0.77,0.71,0.39,0.13,1.35
Antony,br BRA,FW,Manchester Utd,23-054,2000,15.2,0.07,0.11,0.11,-0.05,1.05,1.38,1.58,0.07,3.55
Adam Armstrong,eng ENG,FW,Southampton,26-068,1997,12.3,0.08,0.06,0.06,0.02,0.81,0.98,0.73,0.16,1.22
Pierre-Emerick Aubameyang,ga GAB,FW,Chelsea,33-305,1989,5.2,0,0.08,0.04,-0.08,0.77,0.38,0.38,0.19,0.58
Taiwo Awoniyi,ng NGA,FW,Nott'ham Forest,25-250,1997,9.6,0,0.1,0.03,-0.1,0.83,0.31,0.1,0,0.73
Patrick Bamford,eng ENG,FW,Leeds United,29-226,1993,12.5,0.16,0.07,0.05,0.09,0.8,1.2,0.64,0,1.52
Armando Broja,al ALB,FW,Chelsea,21-221,2001,3.3,0,0.03,0.03,-0.03,0.3,0.3,0.3,0,1.21
Dominic Calvert-Lewin,eng ENG,FW,Everton,26-034,1997,8.1,0,0.04,0.02,-0.04,0.49,0.99,0.12,0,0.99
Thomas Cannon,ie IRL,FW,Everton,20-112,2002,0.3,0,1.67,0,-1.67,3.33,0,0,0,0
Maxwel Cornet,ci CIV,FW,West Ham,26-204,1996,1.4,0,0.07,0.07,-0.07,0.71,1.43,0.71,0.71,2.86
Diego Costa,es ESP,FW,Wolves,34-194,1988,9.7,0,0.05,0.05,-0.05,0.82,0.62,0.21,0,0.82
Matheus Cunha,br BRA,FW,Wolves,23-327,1999,7.5,0,0.05,0.01,-0.05,0.67,0.53,0.27,0,1.6
Patson Daka,zm ZAM,FW,Leicester City,24-192,1998,10.8,0.28,0.23,0.12,0.05,1.2,0.65,0.74,0.09,1.48
Luis Díaz,co COL,FW,Liverpool,26-096,1997,6.9,0.29,0.16,0.13,0.13,1.01,2.61,0.87,0.14,3.91
Ben Doak,sct SCO,FW,Liverpool,17-159,2005,0.3,0,0,0,0,0,0,0,0,3.33
Jhon Durán,co COL,FW,Aston Villa,19-127,2003,0.9,0,0,0,0,0,0,1.11,0,3.33
Odsonne Édouard,fr FRA,FW,Crystal Palace,25-093,1998,16.8,0.12,0.07,0.04,0.05,0.89,0.48,0.54,0,1.9
Anthony Elanga,se SWE,FW,Manchester Utd,20-357,2002,4.7,0.21,0.19,0.21,0.02,1.28,0.64,0.64,0,1.7
Evan Ferguson,ie IRL,FW,Brighton,18-182,2004,6.7,0.3,0.06,0.06,0.24,0.75,0.3,0.75,0,1.19
Phil Foden,eng ENG,FW,Manchester City,22-326,2000,15.6,0.32,0.19,0.22,0.13,2.12,1.79,1.67,0.51,3.97
Datro Fofana,ci CIV,FW,Chelsea,20-118,2002,0.7,0,0.14,0.14,-0.14,2.86,0,1.43,0,1.43
Tyrese Francois,au AUS,FW,Fulham,22-277,2000,0,0,0,0,0,0,1,0,0,0
Ryan Fraser,sct SCO,FW,Newcastle Utd,29-054,1994,3.5,0,0.11,0.09,-0.11,1.43,1.14,1.14,0.29,2.57
Cody Gakpo,nl NED,FW,Liverpool,23-347,1999,10.2,0.1,0.12,0.06,-0.02,1.27,1.67,0.59,0.1,2.45
Joe Gelhardt,eng ENG,FW,Leeds United,20-350,2002,2.4,0.83,0.21,0.17,0.63,0.83,1.25,0.42,0,2.5
Anthony Gordon,eng ENG,FW,Everton,22-054,2001,12.2,0,0.05,0.04,-0.05,0.66,0.66,0.9,0.16,1.56
Darko Gyabi,eng ENG,FW,Leeds United,19-060,2004,0.1,0,0,0,0,0,0,0,0,20
Erling Haaland,no NOR,FW,Manchester City,22-272,2000,24.7,0.2,0.16,0.11,0.04,0.81,0.45,0.69,0,1.7
Omari Hutchinson,eng ENG,FW,Chelsea,19-171,2003,0.3,0,0,0,0,0,0,0,0,0
Danny Ings,eng ENG,FW,West Ham,30-270,1992,5.4,0,0.04,0.04,-0.04,0.37,1.11,0,0,1.11
Danny Ings,eng ENG,FW,Aston Villa,30-270,1992,9.2,0,0.13,0.07,-0.13,0.98,0.76,0.43,0,1.3
Alexander Isak,se SWE,FW,Newcastle Utd,23-210,1999,10.1,0,0.09,0.06,-0.09,1.09,1.29,0.5,0,1.78
Daniel James,wls WAL,FW,Leeds United,25-160,1997,2.2,0,0.14,0.14,-0.14,0.45,0.45,1.36,0.45,1.36
Daniel James,wls WAL,FW,Fulham,25-160,1997,5.5,0.18,0.11,0.05,0.07,1.09,0.36,1.09,0.18,2.55
Gabriel Jesus,br BRA,FW,Arsenal,26-016,1997,16.3,0.31,0.18,0.11,0.13,1.41,1.6,0.86,0.06,2.7
Raúl Jiménez,mx MEX,FW,Wolves,31-349,1991,8.3,0.12,0.2,0.06,-0.08,0.96,0.96,0.84,0.12,1.57
Sasa Kalajdzic,at AUT,FW,Wolves,25-286,1997,0.5,0,0,0,0,0,0,0,0,0
Harry Kane,eng ENG,FW,Tottenham,29-265,1993,30.8,0.06,0.16,0.08,-0.09,1.53,2.53,1.3,0.16,4.68
Neeskens Kebano,cd COD,FW,Fulham,31-040,1992,7.9,0.38,0.18,0.1,0.2,1.39,0.25,1.14,0.38,2.66
Anthony Martial,fr FRA,FW,Manchester Utd,27-135,1995,6.8,0.29,0.16,0.15,0.13,1.03,1.47,1.03,0,2.94
Martinelli,br BRA,FW,Arsenal,21-305,2001,28,0.18,0.27,0.23,-0.09,1.82,1.14,1.36,0.29,3.11
Jean-Philippe Mateta,fr FRA,FW,Crystal Palace,25-295,1997,7.9,0,0.08,0.01,-0.08,0.63,0.51,0,0,0.76
Neal Maupay,fr FRA,FW,Everton,26-248,1996,11.6,0,0.05,0.02,-0.05,0.6,0.6,0.17,0,0.78
Bryan Mbeumo,cm CMR,FW,Brentford,23-255,1999,26,0.19,0.2,0.16,-0.01,1.5,0.96,1.54,0.46,2.69
Alexander Mighten,eng ENG,FW,Nott'ham Forest,21-008,2002,0.1,0,0,0,0,0,0,0,0,0
Kaoru Mitoma,jp JPN,FW,Brighton,25-334,1997,18.1,0.22,0.27,0.23,-0.04,1.55,2.15,1.33,0,3.98
Aleksandar Mitrović,rs SRB,FW,Fulham,28-215,1994,20.1,0.05,0.1,0.05,-0.05,0.75,1.24,0.4,0.05,2.04
Kieffer Moore,wls WAL,FW,Bournemouth,30-254,1992,12.4,0,0.02,0.03,-0.02,0.32,1.29,0.4,0,1.61
Andrew Moran,ie IRL,FW,Brighton,19-186,2003,0.1,0,0,0,0,0,0,0,0,0
Divin Mubama,eng ENG,FW,West Ham,18-176,2004,0,0,0,0,0,0,0,0,0,0
Jacob Murphy,eng ENG,FW,Newcastle Utd,28-054,1995,11.1,0.18,0.23,0.23,-0.05,1.44,1.44,2.07,0.36,4.5
Reiss Nelson,eng ENG,FW,Arsenal,23-130,1999,1.2,1.67,0.42,0.33,1.25,5,0.83,3.33,1.67,1.67
Eddie Nketiah,eng ENG,FW,Arsenal,23-324,1999,11.1,0.09,0.1,0.12,-0.01,0.63,0.63,0.54,0,1.35
Darwin Núñez,uy URU,FW,Liverpool,23-299,1999,16.5,0.18,0.32,0.17,-0.14,1.52,0.61,0.67,0.06,1.64
Ethan Nwaneri,eng ENG,FW,Arsenal,16-029,2007,0,0,0,0,0,0,0,0,0,0
Paul Onuachu,ng NGA,FW,Southampton,28-326,1994,3.5,0,0.03,0.03,-0.03,1.14,1.14,0.29,0,1.43
David Ozoh,,FW,Crystal Palace,17-323,2005,0,0,0,0,0,0,0,0,0,0
Marcus Rashford,eng ENG,FW,Manchester Utd,25-170,1997,26.5,0.15,0.11,0.09,0.05,0.87,1.06,1.36,0.08,2.34
Cristiano Ronaldo,pt POR,FW,Manchester Utd,38-073,1985,5.8,0,0.07,0.03,-0.07,1.03,1.21,0.17,0,2.07
Salomón Rondón,ve VEN,FW,Everton,33-215,1989,1.2,0,0.17,0.08,-0.17,1.67,1.67,0.83,0,0.83
Allan Saint-Maximin,fr FRA,FW,Newcastle Utd,26-038,1997,11.1,0.45,0.34,0.23,0.11,2.25,1.8,2.79,0.36,5.23
Bukayo Saka,eng ENG,FW,Arsenal,21-226,2001,29,0.34,0.25,0.17,0.09,2.21,1.45,1.79,0.38,2.93
Mohamed Salah,eg EGY,FW,Liverpool,30-308,1992,28.7,0.24,0.2,0.18,0.05,1.74,1.22,1.99,0.17,3.62
Gianluca Scamacca,it ITA,FW,West Ham,24-108,1999,10.3,0,0.07,0.05,-0.07,1.26,1.36,0.49,0.1,1.65
Kevin Schade,de GER,FW,Brentford,21-143,2001,4.1,0.24,0.15,0.05,0.1,1.22,0,0.24,0,0.73
Ellis Simms,eng ENG,FW,Everton,22-104,2001,2.4,0,0.04,0.17,-0.04,0.83,1.25,0.42,0,1.67
Luis Sinisterra,co COL,FW,Leeds United,23-306,1999,9,0,0.04,0.1,-0.04,1,1.89,1.78,0.22,4
Dominic Solanke,eng ENG,FW,Bournemouth,25-217,1997,24.8,0.24,0.13,0.08,0.11,0.65,0.73,0.36,0,1.37
Manor Solomon,il ISR,FW,Fulham,23-269,1999,4.6,0,0.07,0.11,-0.07,1.09,0.87,1.52,0.22,4.13
Jay Stansfield,eng ENG,FW,Fulham,20-146,2002,1,0,0.1,0,-0.1,1,0,0,0,0
Crysencio Summerville,nl NED,FW,Leeds United,21-171,2001,12.6,0.16,0.11,0.06,0.05,1.03,1.35,0.87,0.16,2.86
Sam Surridge,eng ENG,FW,Nott'ham Forest,24-265,1998,3.4,0,0.03,0,-0.03,0.29,1.18,0,0,1.76
Tetê,br BRA,FW,Leicester City,23-063,2000,5.7,0,0.02,0.04,-0.02,0.53,2.46,0.53,0.18,3.33
Ivan Toney,eng ENG,FW,Brentford,27-034,1996,28.9,0.14,0.15,0.1,-0.01,0.76,1.8,0.76,0.17,2.39
Leandro Trossard,be BEL,FW,Arsenal,28-136,1994,6.4,1.09,0.56,0.36,0.53,2.19,1.72,2.81,0.47,5.63
Jamie Vardy,eng ENG,FW,Leicester City,36-098,1987,16.2,0.25,0.05,0.03,0.2,0.68,0.43,0.31,0.06,0.74
Carlos Vinícius,br BRA,FW,Fulham,28-025,1995,8.3,0.12,0.07,0.08,0.05,0.6,0.84,0.6,0.12,0.96
Ollie Watkins,eng ENG,FW,Aston Villa,27-110,1995,27.8,0.22,0.12,0.08,0.1,0.9,0.83,0.54,0.07,1.26
Danny Welbeck,eng ENG,FW,Brighton,32-144,1990,16.4,0.12,0.16,0.09,-0.04,1.22,1.22,0.67,0,2.2
Willian,br BRA,FW,Fulham,34-253,1988,18,0.17,0.17,0.1,-0.01,2,1.83,1.22,0.06,4.78
Callum Wilson,eng ENG,FW,Newcastle Utd,31-051,1992,15.5,0.26,0.14,0.12,0.12,1.1,0.52,0.39,0,1.1
Harry Wilson,wls WAL,FW,Fulham,26-028,1997,6.1,0,0.03,0.05,-0.03,0.49,1.8,0.66,0,3.11
Yoane Wissa,cd COD,FW,Brentford,26-228,1996,13.8,0.14,0.17,0.07,-0.02,0.72,1.38,0.58,0,1.74
Chris Wood,nz NZL,FW,Newcastle Utd,31-133,1991,5,0,0.06,0.06,-0.06,0.6,0.6,0.2,0,0.8
Chris Wood,nz NZL,FW,Nott'ham Forest,31-133,1991,4.1,0,0.05,0.02,-0.05,0.73,1.22,0.49,0,1.71
Marc Albrighton,eng ENG,"FW,MF",Leicester City,33-152,1989,2.6,0,0.35,0.15,-0.35,2.31,2.31,1.92,0.77,2.69
Julián Álvarez,ar ARG,"FW,MF",Manchester City,23-078,2000,10.1,0,0.13,0.09,-0.13,1.19,1.29,0.79,0.2,2.38
Elliot Anderson,sct SCO,"FW,MF",Newcastle Utd,20-164,2002,2.3,0,0.3,0.39,-0.3,2.17,3.48,0.87,0,4.35
Cameron Archer,eng ENG,"FW,MF",Aston Villa,21-272,2001,0.5,0,0,0,0,0,4,0,0,0
André Ayew,gh GHA,"FW,MF",Nott'ham Forest,33-123,1989,2.9,0,0,0,0,0,0.69,0,0,2.07
Jordan Ayew,gh GHA,"FW,MF",Crystal Palace,31-220,1991,23.2,0.09,0.11,0.09,-0.02,1.03,1.25,0.47,0.26,2.11
Leon Bailey,jm JAM,"FW,MF",Aston Villa,25-253,1997,19.3,0.16,0.19,0.21,-0.03,1.24,0.93,0.98,0.73,1.35
Harvey Barnes,eng ENG,"FW,MF",Leicester City,25-131,1997,25.4,0.04,0.08,0.07,-0.04,0.59,1.3,1.02,0.16,2.56
Saïd Benrahma,dz ALG,"FW,MF",West Ham,27-252,1995,18.9,0.16,0.2,0.14,-0.04,2.12,1.32,0.85,0.48,3.49
Jarrod Bowen,eng ENG,"FW,MF",West Ham,26-120,1996,29.9,0.1,0.18,0.15,-0.08,1.34,1,0.7,0.27,1.87
Facundo Buonanotte,ar ARG,"FW,MF",Brighton,18-117,2004,0.6,1.67,0.17,0,1.5,5,3.33,0,0,1.67
Chem Campbell,wls WAL,"FW,MF",Wolves,20-110,2002,0.8,0,0,0,0,0,2.5,0,0,5
Arnaut Danjuma,nl NED,"FW,MF",Tottenham,26-078,1997,0.6,0,0,0,0,1.67,0,3.33,3.33,0
Siriki Dembélé,ci CIV,"FW,MF",Bournemouth,26-224,1996,1.2,0,0.25,0.17,-0.25,3.33,1.67,2.5,1.67,3.33
Emmanuel Dennis,ng NGA,"FW,MF",Nott'ham Forest,25-155,1997,7.7,0.26,0.08,0.05,0.18,0.91,0.91,0.52,0.26,2.08
Samuel Edozie,eng ENG,"FW,MF",Southampton,20-081,2003,6.1,0,0.05,0.07,-0.05,0.98,0.82,0.98,0.16,1.97
João Félix,pt POR,"FW,MF",Chelsea,23-160,1999,8.8,0,0.06,0.1,-0.06,0.8,3.07,1.48,0.11,4.43
Roberto Firmino,br BRA,"FW,MF",Liverpool,31-199,1991,12.6,0.32,0.18,0.15,0.13,1.59,3.57,1.43,0.08,6.03
Pablo Fornals,es ESP,"FW,MF",West Ham,27-056,1996,12.2,0.08,0.12,0.15,-0.04,1.15,3.69,0.66,0.33,4.51
Alejandro Garnacho,es ESP,"FW,MF",Manchester Utd,18-292,2004,5,0.4,0.2,0.18,0.2,0.4,0.2,0.2,0,1
Morgan Gibbs-White,eng ENG,"FW,MF",Wolves,23-082,2000,2,0,0.05,0.1,-0.05,0.5,5,0.5,0,6
Degnand Gnonto,it ITA,"FW,MF",Leeds United,19-165,2003,12.3,0.24,0.12,0.15,0.12,1.46,0.98,1.22,0.24,2.28
Anthony Gordon,eng ENG,"FW,MF",Newcastle Utd,22-054,2001,3.5,0,0.23,0.14,-0.23,1.14,2.29,0.86,0,2.86
Demarai Gray,eng ENG,"FW,MF",Everton,26-295,1996,25.3,0.04,0.15,0.15,-0.11,1.38,1.19,0.67,0.24,1.78
Jack Grealish,eng ENG,"FW,MF",Manchester City,27-221,1995,19.7,0.3,0.29,0.28,0.01,2.08,1.22,1.73,0,4.21
Gonçalo Guedes,pt POR,"FW,MF",Wolves,26-141,1996,7.9,0.13,0.06,0.06,0.06,1.14,1.39,1.01,0.25,2.03
Jack Harrison,eng ENG,"FW,MF",Leeds United,26-150,1996,24.1,0.25,0.16,0.15,0.09,1.78,1.87,1.58,0.54,3.44
Kai Havertz,de GER,"FW,MF",Chelsea,23-312,1999,24.6,0.04,0.14,0.1,-0.1,1.42,1.67,0.93,0.08,2.97
Hwang Hee-chan,kr KOR,"FW,MF",Wolves,27-083,1996,8.5,0.12,0.12,0.06,0,0.94,0.94,0.82,0.12,2.59
Kelechi Iheanacho,ng NGA,"FW,MF",Leicester City,26-198,1996,9.3,0.43,0.32,0.12,0.11,1.61,1.4,0.54,0,2.04
Brennan Johnson,wls WAL,"FW,MF",Nott'ham Forest,21-331,2001,28.6,0.07,0.1,0.06,-0.03,0.8,0.35,0.56,0.14,1.05
Mateo Joseph,eng ENG,"FW,MF",Leeds United,19-182,2003,0.3,0,0,0,0,0,0,0,0,0
Diogo Jota,pt POR,"FW,MF",Liverpool,26-136,1996,8.3,0.48,0.24,0.16,0.24,1.69,2.41,0.72,0.12,2.77
Hamed Junior Traorè,ci CIV,"FW,MF",Bournemouth,23-062,2000,4.7,0,0.23,0.23,-0.23,2.98,2.34,2.13,0.64,5.53
Keane Lewis-Potter,eng ENG,"FW,MF",Brentford,22-056,2001,3.6,0.28,0.33,0.08,-0.06,1.39,0.56,0.83,0.28,1.67
Jesse Lingard,eng ENG,"FW,MF",Nott'ham Forest,30-125,1992,10.3,0,0.07,0.05,-0.07,1.07,2.62,0.68,0.1,3.2
Riyad Mahrez,dz ALG,"FW,MF",Manchester City,32-057,1991,14.4,0.35,0.34,0.24,0.01,2.43,2.01,1.94,0.42,4.17
Sekou Mara,fr FRA,"FW,MF",Southampton,20-263,2002,5.8,0.34,0.14,0.05,0.21,1.03,1.03,0.34,0,1.21
Dwight McNeil,eng ENG,"FW,MF",Everton,23-148,1999,20.8,0.1,0.2,0.19,-0.1,1.63,1.63,1.11,0.58,2.55
Mykhailo Mudryk,ua UKR,"FW,MF",Chelsea,22-104,2001,4.9,0.41,0.04,0.1,0.37,0.82,1.63,1.02,0,2.24
Enock Mwepu,zm ZAM,"FW,MF",Brighton,25-108,1998,2.4,0.42,0.21,0.08,0.21,1.25,2.08,0.83,0,2.5
Pedro Neto,pt POR,"FW,MF",Wolves,23-041,2000,8.3,0,0.17,0.14,-0.17,1.81,1.2,0.96,0.48,2.41
Michael Olise,fr FRA,"FW,MF",Crystal Palace,21-128,2001,23.6,0.34,0.28,0.19,0.06,2.25,2.46,1.57,0.42,4.41
Alex Oxlade-Chamberlain,eng ENG,"FW,MF",Liverpool,29-247,1993,3.7,0,0.24,0.05,-0.24,1.35,2.16,0.54,0,3.78
Cole Palmer,eng ENG,"FW,MF",Manchester City,20-348,2002,1.7,0,0.12,0.18,-0.12,1.76,1.76,2.94,0.59,4.71
Facundo Pellistri,uy URU,"FW,MF",Manchester Utd,21-120,2001,0.6,0,0,0,0,0,0,0,0,0
Daniel Podence,pt POR,"FW,MF",Wolves,27-180,1995,18,0,0.13,0.1,-0.13,1.83,1.78,1.94,0.33,4.89
Matt Ritchie,sct SCO,"FW,MF",Newcastle Utd,33-221,1989,0.4,0,0.25,0,-0.25,2.5,0,0,0,0
Rodrigo,es ESP,"FW,MF",Leeds United,32-044,1991,16.5,0.06,0.09,0.05,-0.03,0.85,1.27,0.85,0.12,2.42
Georginio Rutter,fr FRA,"FW,MF",Leeds United,20-364,2002,2.7,0,0.07,0.07,-0.07,1.11,0.37,0.37,0,1.85
Jadon Sancho,eng ENG,"FW,MF",Manchester Utd,23-025,2000,13.2,0.15,0.17,0.17,-0.02,2.12,1.06,2.2,0.08,4.09
Pablo Sarabia,es ESP,"FW,MF",Wolves,30-343,1992,7.1,0,0.11,0.1,-0.11,1.55,3.24,1.69,0.56,4.93
Antoine Semenyo,gh GHA,"FW,MF",Bournemouth,23-102,2000,2.7,0,0,0,0,0.37,1.85,0,0,1.85
Emile Smith Rowe,eng ENG,"FW,MF",Arsenal,22-265,2000,1.4,0.71,0.43,0.36,0.29,3.57,1.43,2.14,0,2.86
Raheem Sterling,eng ENG,"FW,MF",Chelsea,28-132,1994,16.3,0.12,0.23,0.16,-0.1,1.66,1.17,1.66,0.43,2.82
Kamaldeen Sulemana,gh GHA,"FW,MF",Southampton,21-063,2002,7.8,0,0.06,0.05,-0.06,1.54,1.28,1.15,0.13,4.1
Adama Traoré,es ESP,"FW,MF",Wolves,27-084,1996,14.2,0.07,0.25,0.2,-0.18,1.48,1.06,1.34,0.92,2.25
Bertrand Traoré,bf BFA,"FW,MF",Aston Villa,27-225,1995,1.4,0,0.07,0.07,-0.07,0.71,0,2.14,1.43,2.14
Leandro Trossard,be BEL,"FW,MF",Brighton,28-136,1994,14.6,0.14,0.14,0.14,-0.01,1.58,2.88,1.71,0.48,4.59
Deniz Undav,de GER,"FW,MF",Brighton,26-274,1996,2.9,0,0.24,0.24,-0.24,1.72,0.34,0.69,0,1.03
Theo Walcott,eng ENG,"FW,MF",Southampton,34-034,1989,7.5,0.13,0.15,0.15,-0.01,1.33,0.67,0.4,0.27,0.8
Wout Weghorst,nl NED,"FW,MF",Manchester Utd,30-255,1992,7.2,0.14,0.11,0.13,0.03,1.39,0.97,0.14,0,1.94
Wilfried Zaha,ci CIV,"FW,MF",Crystal Palace,30-160,1992,22.9,0.09,0.11,0.11,-0.02,1,0.7,1.48,0.09,2.62
Hakim Ziyech,ma MAR,"FW,MF",Chelsea,30-031,1993,6.7,0.15,0.22,0.19,-0.07,1.64,2.84,2.24,1.04,5.37
Brenden Aaronson,us USA,"MF,FW",Leeds United,22-179,2000,24.5,0.12,0.17,0.11,-0.05,1.84,1.8,0.61,0.16,3.35
Naouirou Ahamada,fr FRA,"MF,FW",Crystal Palace,21-021,2002,1,0,0.1,0,-0.1,1,3,0,0,2
Carlos Alcaraz,ar ARG,"MF,FW",Southampton,20-140,2002,5.7,0,0.02,0.02,-0.02,0.35,1.58,0.53,0,2.28
Jaidon Anthony,eng ENG,"MF,FW",Bournemouth,23-139,1999,11.9,0,0.05,0.08,-0.05,0.84,1.6,1.43,0.5,3.7
Joe Aribo,ng NGA,"MF,FW",Southampton,26-272,1996,12.8,0,0.06,0.04,-0.06,0.7,1.56,0.7,0,3.05
Stuart Armstrong,sct SCO,"MF,FW",Southampton,31-020,1992,12.4,0,0.14,0.18,-0.14,1.13,2.9,1.85,0.4,4.84
Philip Billing,dk DEN,"MF,FW",Bournemouth,26-312,1996,25.5,0.04,0.12,0.08,-0.08,0.78,1.53,0.2,0.08,2.51
Bryan,es ESP,"MF,FW",Tottenham,22-067,2001,1.6,0.63,0.13,0.06,0.5,1.25,1.88,1.25,0,3.13
Emi Buendía,ar ARG,"MF,FW",Aston Villa,26-115,1996,21.8,0.05,0.2,0.13,-0.15,1.47,3.49,1.51,0,5.5
Fabio Carvalho,pt POR,"MF,FW",Liverpool,20-232,2002,3.8,0,0.03,0.05,-0.03,0.26,1.84,0.53,0,2.89
Julio César Enciso,py PAR,"MF,FW",Brighton,19-086,2004,2.9,0,0.1,0.1,-0.1,1.38,2.07,1.03,0,3.79
Ryan Christie,sct SCO,"MF,FW",Bournemouth,28-056,1995,14.7,0,0.08,0.08,-0.08,1.22,2.24,1.09,0.07,3.74
Carney Chukwuemeka,eng ENG,"MF,FW",Chelsea,19-181,2003,2.6,0,0.04,0.04,-0.04,1.15,2.31,1.54,0.77,4.62
Philippe Coutinho,br BRA,"MF,FW",Aston Villa,30-311,1992,8.8,0,0.06,0.09,-0.06,0.91,3.41,0.91,0.23,5.45
Conor Coventry,ie IRL,"MF,FW",West Ham,23-025,2000,0,0,0,0,0,0,0,0,0,0
Mikkel Damsgaard,dk DEN,"MF,FW",Brentford,22-290,2000,7.6,0,0.13,0.13,-0.13,1.32,3.95,1.05,0.13,4.08
Malcolm Ebiowei,eng ENG,"MF,FW",Crystal Palace,19-227,2003,0.4,0,0,0,0,0,0,0,0,5
Harvey Elliott,eng ENG,"MF,FW",Liverpool,20-015,2003,16.6,0.12,0.19,0.24,-0.07,1.27,3.67,2.17,0.36,6.99
Mohamed Elyounoussi,no NOR,"MF,FW",Southampton,28-258,1994,20.5,0.05,0.1,0.07,-0.05,0.83,1.37,0.83,0.29,2.15
Eberechi Eze,eng ENG,"MF,FW",Crystal Palace,24-294,1998,22.3,0.13,0.15,0.11,-0.02,1.97,3,1.21,0.09,4.3
Bruno Fernandes,pt POR,"MF,FW",Manchester Utd,28-223,1994,29,0.21,0.42,0.27,-0.22,3.03,4.03,2.24,0.28,6.97
Conor Gallagher,eng ENG,"MF,FW",Chelsea,23-072,2000,12.9,0.08,0.17,0.12,-0.09,1.47,3.95,1.16,0.39,5.81
Morgan Gibbs-White,eng ENG,"MF,FW",Nott'ham Forest,23-082,2000,26,0.19,0.27,0.2,-0.07,2.08,2.27,1.31,0.19,4.38
Sam Greenwood,eng ENG,"MF,FW",Leeds United,21-083,2002,3.8,0.53,0.29,0.26,0.24,3.42,3.42,0.26,0,3.42
Luke Harris,wls WAL,"MF,FW",Fulham,18-016,2005,0.1,0,0,0,0,0,10,0,0,10
Son Heung-min,kr KOR,"MF,FW",Tottenham,30-285,1992,25.4,0.16,0.2,0.14,-0.05,2.01,1.06,1.1,0.16,2.6
Alex Iwobi,ng NGA,"MF,FW",Everton,26-351,1996,30.5,0.2,0.14,0.11,0.06,1.67,3.9,1.54,0.46,5.21
Joelinton,br BRA,"MF,FW",Newcastle Utd,26-248,1996,23.7,0.04,0.08,0.07,-0.04,0.84,2.83,0.68,0.13,4.26
Mateusz Klich,pl POL,"MF,FW",Leeds United,32-310,1990,3.1,0,0.06,0.06,-0.06,1.61,1.94,1.61,0,5.16
Dejan Kulusevski,se SWE,"MF,FW",Tottenham,22-359,2000,19.1,0.31,0.21,0.24,0.1,2.04,0.63,1.62,0.58,2.88
Adam Lallana,eng ENG,"MF,FW",Brighton,34-344,1988,8,0.13,0.13,0.15,0,1.75,2.88,1.13,0.13,4.13
Manuel Lanzini,ar ARG,"MF,FW",West Ham,30-063,1993,1.7,0,0,0.06,0,0,4.12,1.18,0,8.24
Jamal Lowe,jm JAM,"MF,FW",Bournemouth,28-272,1994,0.1,0,0,0,0,0,0,10,0,10
James Maddison,eng ENG,"MF,FW",Leicester City,26-147,1996,22.1,0.27,0.31,0.21,-0.04,2.49,4.21,1.09,0.14,5.57
John McGinn,sct SCO,"MF,FW",Aston Villa,28-183,1994,22.9,0.09,0.09,0.12,0,0.61,3.84,0.74,0.22,4.41
Mason Mount,eng ENG,"MF,FW",Chelsea,24-099,1999,18.3,0.11,0.16,0.15,-0.05,1.64,3.01,1.48,0.27,5.36
Dango Ouattara,bf BFA,"MF,FW",Bournemouth,21-067,2002,9.4,0.32,0.18,0.09,0.14,1.28,1.81,1.06,0.64,1.6
Ayoze Pérez,es ESP,"MF,FW",Leicester City,29-264,1993,4.2,0.24,0.36,0.14,-0.12,2.62,3.1,1.43,0,4.76
Dennis Praet,be BEL,"MF,FW",Leicester City,28-340,1994,6.4,0,0.05,0.05,-0.05,0.31,1.25,0.78,0.16,2.34
Jacob Ramsey,eng ENG,"MF,FW",Aston Villa,21-326,2001,22.4,0.22,0.14,0.08,0.08,1.38,2.77,0.89,0,3.79
Richarlison,br BRA,"MF,FW",Tottenham,25-344,1997,8.5,0.35,0.21,0.16,0.14,1.53,1.65,1.06,0.24,2.82
Gustavo Scarpa,br BRA,"MF,FW",Nott'ham Forest,29-104,1994,2,0,0,0,0,0.5,5,0,0,6
Jeffrey Schlupp,gh GHA,"MF,FW",Crystal Palace,30-117,1992,25.2,0.04,0.06,0.04,-0.02,0.67,2.1,0.4,0,3.53
Bernardo Silva,pt POR,"MF,FW",Manchester City,28-252,1994,21.3,0.23,0.13,0.16,0.1,1.27,3.05,1.41,0.42,5.07
Marcus Tavernier,eng ENG,"MF,FW",Bournemouth,24-028,1999,17.5,0.23,0.14,0.06,0.09,0.91,1.6,0.51,0.17,2.51
Fabio Vieira,pt POR,"MF,FW",Arsenal,22-324,2000,4.7,0.43,0.51,0.26,-0.09,2.13,4.26,1.28,0.21,5.96
Sergi Canós,es ESP,"FW,DF",Brentford,26-076,1997,0.9,0,0,0,0,1.11,2.22,1.11,0,2.22
Shane Duffy,ie IRL,"FW,DF",Fulham,31-108,1992,0.1,0,0,0,0,0,0,0,0,0
Noni Madueke,eng ENG,"FW,DF",Chelsea,21-040,2002,2.4,0,0.13,0.08,-0.13,2.92,2.5,1.25,0,4.17
Solly March,eng ENG,"FW,DF",Brighton,28-273,1994,27.9,0.25,0.27,0.21,-0.02,2.04,2.19,1.65,0.5,4.59
Christian Pulisic,us USA,"FW,DF",Chelsea,24-213,1998,8.7,0.11,0.08,0.05,0.03,1.38,1.38,0.34,0.11,2.53
Bobby Reid,jm JAM,"FW,DF",Fulham,30-076,1993,24.3,0.04,0.07,0.06,-0.03,0.74,1.36,1.4,0.41,2.22
Djed Spence,eng ENG,"FW,DF",Tottenham,22-253,2000,0.1,0,0,0,0,0,0,0,0,0
Tyler Adams,us USA,MF,Leeds United,24-064,1999,24,0,0.06,0.04,-0.06,1,4.58,0.54,0,5.67
Thiago Alcántara,es ESP,MF,Liverpool,32-008,1991,13.2,0,0.08,0.1,-0.08,1.29,7.73,1.52,0.08,8.71
Dele Alli,eng ENG,MF,Everton,27-008,1996,0.4,0,0,0,0,0,5,0,0,2.5
Yasin Ayari,se SWE,MF,Brighton,19-195,2003,0.1,0,1,3,-1,10,30,10,0,20
Stefan Bajcetic,es ESP,MF,Liverpool,18-179,2004,5.8,0,0.07,0.09,-0.07,0.69,2.93,1.21,0.17,4.14
Shandon Baptiste,gd GRN,MF,Brentford,25-011,1998,5.7,0,0.14,0.09,-0.14,1.23,3.33,1.4,0.35,6.32
Donny van de Beek,nl NED,MF,Manchester Utd,26-001,1997,1.9,0,0.05,0.05,-0.05,1.58,0,2.11,0,3.16
Rodrigo Bentancur,uy URU,MF,Tottenham,25-298,1997,16.7,0.12,0.05,0.04,0.07,0.66,3.23,0.54,0.24,4.55
Yves Bissouma,ml MLI,MF,Tottenham,26-232,1996,9,0,0.06,0.03,-0.06,0.89,4.44,0.44,0.11,5
Cafú,pt POR,MF,Nott'ham Forest,30-052,1993,0.1,0,0,0,0,0,10,0,0,10
Moisés Caicedo,ec ECU,MF,Brighton,21-168,2001,27.1,0.04,0.08,0.08,-0.05,1.25,5.09,1.11,0.18,6.16
Tom Cairney,sct SCO,MF,Fulham,32-089,1991,6.1,0,0.2,0.2,-0.2,1.64,8.03,1.8,0.66,10.2
Casemiro,br BRA,MF,Manchester Utd,31-055,1992,15.9,0.19,0.14,0.18,0.04,1.13,5.47,1.07,0.25,5.79
Nathaniel Chalobah,eng ENG,MF,Fulham,28-128,1994,0.1,0,0,0,0,0,10,0,0,0
Bobby Clark,eng ENG,MF,Liverpool,18-071,2005,0.1,0,0,1,0,0,0,10,0,10
Jack Colback,eng ENG,MF,Nott'ham Forest,33-177,1989,5.5,0,0.04,0.04,-0.04,0.36,2.18,0.55,0.18,2.91
Lewis Cook,eng ENG,MF,Bournemouth,26-075,1997,17.3,0.12,0.13,0.12,-0.02,1.33,2.95,0.64,0.46,3.24
Danilo,br BRA,MF,Nott'ham Forest,21-355,2001,5.1,0.2,0.06,0.02,0.14,0.59,2.94,0.78,0,4.51
Josh Dasilva,eng ENG,MF,Brentford,24-178,1998,14.5,0.14,0.1,0.1,0.04,0.76,2.14,1.59,0.34,3.86
Tom Davies,eng ENG,MF,Everton,24-293,1998,6,0,0.03,0.05,-0.03,0.33,4.17,0.33,0,5
Kevin De Bruyne,be BEL,MF,Manchester City,31-295,1991,24.2,0.62,0.52,0.55,0.1,3.64,4.71,3.64,0.79,9.17
Leander Dendoncker,be BEL,MF,Aston Villa,28-004,1995,5.3,0,0.09,0.02,-0.09,0.94,1.89,0,0,2.26
Leander Dendoncker,be BEL,MF,Wolves,28-004,1995,2.4,0,0,0,0,0.83,1.67,0.42,0.42,2.5
Halil Dervişoğlu,tr TUR,MF,Brentford,23-132,1999,0.1,0,0,0,0,0,0,0,0,0
Kiernan Dewsbury-Hall,eng ENG,MF,Leicester City,24-225,1998,24.2,0.08,0.12,0.09,-0.04,1.53,4.42,0.87,0.17,5.08
Ibrahima Diallo,fr FRA,MF,Southampton,24-042,1999,9,0,0.01,0.01,-0.01,0.44,2.67,0.22,0,3.11
Abdoulaye Doucouré,ml MLI,MF,Everton,30-108,1993,11,0.18,0.12,0.07,0.06,1.18,1.91,0.64,0,2.82
Cheick Doucouré,ml MLI,MF,Crystal Palace,23-101,2000,25.3,0.12,0.07,0.04,0.05,0.91,3.6,0.4,0.04,4.47
Flynn Downes,eng ENG,MF,West Ham,24-089,1999,5.4,0,0,0,0,0.19,2.04,0.19,0,2.41
Mohamed Elneny,eg EGY,MF,Arsenal,30-282,1992,1.3,0,0,0,0,0,2.31,1.54,0,1.54
Christian Eriksen,dk DEN,MF,Manchester Utd,31-064,1992,17.6,0.4,0.18,0.16,0.22,1.59,6.19,1.25,0.23,7.05
Fabinho,br BRA,MF,Liverpool,29-178,1993,22.5,0,0.04,0.04,-0.04,0.49,3.56,0.44,0,5.07
Enzo Fernández,ar ARG,MF,Chelsea,22-092,2001,10.5,0.19,0.13,0.13,0.06,1.05,9.62,1.05,0,10.2
Adam Forshaw,eng ENG,MF,Leeds United,31-193,1991,1.9,0,0.26,0.11,-0.26,1.05,4.21,0,0,4.21
Fred,br BRA,MF,Manchester Utd,30-045,1993,11.4,0.09,0.18,0.1,-0.09,1.93,4.04,0.7,0.18,5
Remo Freuler,ch SUI,MF,Nott'ham Forest,31-004,1992,23.2,0,0.03,0.03,-0.03,0.52,1.98,0.26,0.13,2.28
Idrissa Gana Gueye,sn SEN,MF,Everton,33-205,1989,22.3,0.04,0.04,0.03,0,0.4,4.08,0.18,0,3.54
James Garner,eng ENG,MF,Everton,22-037,2001,3,0.33,0.03,0.07,0.3,0.67,3.33,0.33,0.33,3.67
Billy Gilmour,sct SCO,MF,Brighton,21-312,2001,1.8,0,0.06,0.22,-0.06,0.56,5.56,2.22,0,9.44
João Gomes,br BRA,MF,Wolves,22-066,2001,3.6,0,0.03,0.03,-0.03,0.83,2.5,0,0,2.22
Bruno Guimarães,br BRA,MF,Newcastle Utd,25-154,1997,22.5,0.18,0.13,0.1,0.05,1.2,4.44,1.47,0.04,6.58
İlkay Gündoğan,de GER,MF,Manchester City,32-177,1990,21.5,0.14,0.13,0.15,0.01,1.53,5.02,1.44,0.05,6.42
Jordan Henderson,eng ENG,MF,Liverpool,32-306,1990,17.9,0.11,0.11,0.13,0.01,1.12,6.82,1.96,0.34,8.16
Joseph Hodge,ie IRL,MF,Wolves,20-217,2002,1.9,0,0.05,0,-0.05,0.53,3.68,0.53,0,3.68
Will Hughes,eng ENG,MF,Crystal Palace,28-002,1995,5.1,0.2,0.14,0.04,0.06,0.59,3.14,0.59,0,3.73
Pierre Højbjerg,dk DEN,MF,Tottenham,27-257,1995,29.8,0.13,0.09,0.1,0.05,0.91,6.34,1.07,0.17,7.21
Mathias Jensen,dk DEN,MF,Brentford,27-108,1996,26.2,0.19,0.13,0.14,0.06,1.49,3.63,1.15,0.53,4.35
Curtis Jones,eng ENG,MF,Liverpool,22-079,2001,4.7,0.21,0.17,0.19,0.04,1.06,4.04,2.13,0.21,6.6
Jorginho,it ITA,MF,Arsenal,31-120,1991,4.6,0,0.02,0.09,-0.02,0.65,9.78,1.74,0,12.6
Jorginho,it ITA,MF,Chelsea,31-120,1991,14.2,0,0.03,0.03,-0.03,0.49,6.13,0.63,0,5.63
Boubacar Kamara,fr FRA,MF,Aston Villa,23-147,1999,17.4,0.06,0.05,0.04,0.01,0.4,3.33,0.34,0,4.6
N'Golo Kanté,fr FRA,MF,Chelsea,32-021,1991,3.1,0,0.39,0.16,-0.39,2.26,4.19,1.61,0.32,6.13
Naby Keïta,gn GUI,MF,Liverpool,28-068,1995,3.3,0,0.21,0.06,-0.21,2.42,4.55,0.61,0,4.55
Cheikhou Kouyaté,sn SEN,MF,Nott'ham Forest,33-119,1989,8.5,0,0.08,0.04,-0.08,0.71,1.29,0.24,0,2
Mateo Kovačić,hr CRO,MF,Chelsea,28-348,1994,16.2,0.06,0.11,0.1,-0.05,1.23,8.52,1.3,0.06,8.46
Roméo Lavia,be BEL,MF,Southampton,19-103,2004,18.1,0,0.03,0.03,-0.03,0.61,4.31,0.5,0,4.59
Mario Lemina,ga GAB,MF,Wolves,29-230,1993,8.9,0,0.02,0.04,-0.02,0.22,2.58,0.56,0.11,3.48
Jefferson Lerma,co COL,MF,Bournemouth,28-176,1994,29.3,0,0.06,0.08,-0.06,0.44,3.38,0.61,0.03,3.69
Sean Longstaff,eng ENG,MF,Newcastle Utd,25-171,1997,25.2,0.12,0.12,0.1,0,0.75,2.94,0.75,0.16,4.33
Douglas Luiz,br BRA,MF,Aston Villa,24-345,1998,25.6,0.2,0.12,0.09,0.07,1.41,3.44,0.63,0.12,4.41
Saša Lukić,rs SRB,MF,Fulham,26-249,1996,2.5,0,0,0.04,0,0,6.4,0,0,3.6
Alexis Mac Allister,ar ARG,MF,Brighton,24-116,1998,25,0.04,0.11,0.12,-0.07,1.2,4.64,0.88,0.04,5.16
Kobbie Mainoo,eng ENG,MF,Manchester Utd,18-000,2005,0.1,0,0,1,0,0,10,10,0,10
Orel Mangala,be BEL,MF,Nott'ham Forest,25-032,1998,10.5,0,0.01,0.01,-0.01,0.19,2.38,0.19,0,2.95
Emiliano Marcondes,dk DEN,MF,Bournemouth,28-041,1995,0.1,0,0,0,0,0,10,0,0,10
Marquinhos,br BRA,MF,Arsenal,20-012,2003,0,0,0,0,0,0,0,0,0,0
Pape Matar Sarr,sn SEN,MF,Tottenham,20-217,2002,1.6,0,0,0,0,0.63,4.38,0,0,6.88
James McArthur,sct SCO,MF,Crystal Palace,35-194,1987,0.2,0,0,0,0,0,0,0,0,0
Weston McKennie,us USA,MF,Leeds United,24-234,1998,9.7,0,0.03,0.03,-0.03,0.72,3.4,1.24,0.1,5.88
Scott McTominay,sct SCO,MF,Manchester Utd,26-132,1996,12.5,0,0.04,0.08,-0.04,0.56,2.4,0.4,0.08,2.4
Nampalys Mendy,sn SEN,MF,Leicester City,30-300,1992,8.1,0,0,0.01,0,0.25,2.47,0.37,0,3.46
Luka Milivojević,rs SRB,MF,Crystal Palace,32-012,1991,4.8,0,0.04,0.04,-0.04,0.42,2.92,0.21,0,3.54
João Moutinho,pt POR,MF,Wolves,36-223,1986,19.4,0.1,0.13,0.1,-0.03,1.8,5.31,1.13,0.21,6.65
Rúben Neves,pt POR,MF,Wolves,26-037,1997,27.6,0,0.04,0.04,-0.04,0.83,6.45,0.47,0.04,6.85
Matheus Nunes,pt POR,MF,Wolves,24-235,1998,21.8,0.05,0.09,0.05,-0.04,1.01,2.89,0.55,0.14,3.07
Christian Nørgaard,dk DEN,MF,Brentford,29-040,1994,19.1,0.16,0.16,0.09,-0.01,0.63,3.46,0.42,0.1,3.77
Lewis O'Brien,eng ENG,MF,Nott'ham Forest,24-187,1998,6.5,0,0.03,0.03,-0.03,0.62,2.92,0.46,0,3.23
Amadou Onana,be BEL,MF,Everton,21-246,2001,24.5,0.04,0.09,0.06,-0.04,0.69,2.61,0.41,0,2.49
Josh Onomah,eng ENG,MF,Fulham,25-357,1997,0.2,0,0,0,0,0,0,0,0,0
Frank Onyeka,ng NGA,MF,Brentford,25-108,1998,5.6,0.18,0.09,0.13,0.09,0.89,2.5,0.54,0,3.57
Mislav Oršić,hr CRO,MF,Southampton,30-111,1992,0.1,0,0,0,0,0,0,0,0,0
João Palhinha,pt POR,MF,Fulham,27-284,1995,26.7,0,0.01,0.01,-0.01,0.19,3.52,0.11,0,3.11
Lucas Paquetá,br BRA,MF,West Ham,25-235,1997,17.5,0.11,0.07,0.09,0.04,1.2,3.71,1.26,0.17,5.94
Thomas Partey,gh GHA,MF,Arsenal,29-310,1993,23.1,0,0.06,0.08,-0.06,0.95,8.44,0.82,0.09,8.05
Ben Pearson,eng ENG,MF,Bournemouth,28-105,1995,3.2,0,0,0,0,0,2.5,0,0,1.56
Andreas Pereira,br BRA,MF,Fulham,27-108,1996,27.6,0.22,0.18,0.13,0.03,2.14,3.01,0.76,0.33,4.2
Máximo Perrone,ar ARG,MF,Manchester City,20-102,2003,0.2,0,0,0,0,0,0,0,0,10
Kalvin Phillips,eng ENG,MF,Manchester City,27-138,1995,1.2,0,0,0,0,0.83,12.5,0,0,5.83
Isaac Price,nir NIR,MF,Everton,19-205,2003,0.4,0,0.25,0,-0.25,2.5,2.5,0,0,2.5
Harrison Reed,eng ENG,MF,Fulham,28-082,1995,25.9,0.08,0.1,0.06,-0.02,1.12,2.43,0.97,0.35,3.28
Declan Rice,eng ENG,MF,West Ham,24-095,1999,30,0.03,0.1,0.05,-0.07,1.1,6.23,0.3,0.1,6.37
Marc Roca,es ESP,MF,Leeds United,26-144,1996,22,0.09,0.1,0.09,-0.01,1.27,6.45,0.64,0.09,6.82
Rodri,es ESP,MF,Manchester City,26-301,1996,27.2,0.22,0.15,0.12,0.07,1.14,8.93,1.07,0.11,8.68
Oriol Romeu,es ESP,MF,Southampton,31-207,1991,0.8,0,0,0.25,0,0,0,2.5,0,5
Connor Ronan,ie IRL,MF,Wolves,25-044,1998,0,0,0,0,0,0,3,0,0,0
Joe Rothwell,eng ENG,MF,Bournemouth,28-098,1995,7.5,0.13,0.12,0.16,0.01,0.93,3.2,1.2,0.13,2.8
Marcel Sabitzer,at AUT,MF,Manchester Utd,29-033,1994,5.7,0.18,0.14,0.14,0.04,1.23,4.56,0.88,0.18,5.79
Albert Sambi Lokonga,be BEL,MF,Arsenal,23-179,1999,2.2,0,0,0.05,0,0.45,7.73,0.45,0,5.45
Albert Sambi Lokonga,be BEL,MF,Crystal Palace,23-179,1999,5.2,0,0,0.02,0,0.19,3.85,0,0,3.27
Morgan Sanson,fr FRA,MF,Aston Villa,28-244,1994,0.1,0,0,0,0,0,0,0,0,10
Jeremy Sarmiento,ec ECU,MF,Brighton,20-307,2002,2,0.5,0.1,0.15,0.4,1,2,2.5,0.5,5.5
Jonjo Shelvey,eng ENG,MF,Newcastle Utd,31-051,1992,0.4,0,0,0,0,0,10,0,0,7.5
Jonjo Shelvey,eng ENG,MF,Nott'ham Forest,31-051,1992,6,0,0.05,0.13,-0.05,1,6.17,1.33,0.33,5.67
Oliver Skipp,eng ENG,MF,Tottenham,22-215,2000,10,0,0.05,0.03,-0.05,0.8,3.4,0.7,0.1,4.4
Tomáš Souček,cz CZE,MF,West Ham,28-051,1995,25.6,0.04,0.04,0.04,0,0.47,2.19,0.39,0.2,3.01
Boubakary Soumaré,fr FRA,MF,Leicester City,24-051,1999,11.3,0,0.02,0.02,-0.02,0.53,3.54,0.35,0.09,3.98
Junior Stanislas,eng ENG,MF,Bournemouth,33-144,1989,0.7,0,0.14,0.29,-0.14,2.86,4.29,0,0,5.71
Youri Tielemans,be BEL,MF,Leicester City,25-347,1997,19.7,0.05,0.19,0.15,-0.14,1.22,6.55,1.32,0.36,7.31
Boubacar Traoré,ml MLI,MF,Wolves,21-242,2001,4.3,0.23,0.05,0.02,0.19,0.23,3.72,0.23,0,1.86
James Ward-Prowse,eng ENG,MF,Southampton,28-169,1994,31,0.06,0.17,0.14,-0.11,2.06,5.29,0.94,0.48,5.61
Harvey White,eng ENG,MF,Tottenham,21-212,2001,0.1,0,0,0,0,0,0,10,10,0
Joe Willock,eng ENG,MF,Newcastle Utd,23-242,1999,23,0.17,0.18,0.13,0,1.09,3,1.09,0.3,4.13
Granit Xhaka,ch SUI,MF,Arsenal,30-204,1992,28.4,0.18,0.16,0.13,0.02,1.44,4.68,1.3,0.11,6.44
Ryan Yates,eng ENG,MF,Nott'ham Forest,25-149,1997,16.6,0.12,0.07,0.02,0.05,0.42,1.33,0.12,0,2.23
Denis Zakaria,ch SUI,MF,Chelsea,26-150,1996,4.6,0,0,0.02,0,0.22,1.74,0,0,1.3
Martin Ødegaard,no NOR,MF,Arsenal,24-123,1998,28.4,0.25,0.24,0.24,0,2.25,3.73,2.78,0.14,7.71
David Brooks,wls WAL,"DF,FW",Bournemouth,25-285,1997,0.3,0,0,0,0,0,0,0,0,0
Moussa Djenepo,ml MLI,"DF,FW",Southampton,24-308,1998,7,0.29,0.07,0.06,0.21,1.14,1.71,0.71,0.43,2.43
Kevin Mbabu,ch SUI,"DF,FW",Fulham,28-000,1995,1.6,0.63,0.25,0.25,0.37,1.25,2.5,3.13,1.88,5
Jaïro Riedewald,nl NED,"DF,FW",Crystal Palace,26-222,1996,0.5,0,0,0,0,0,2,0,0,0
Saman Ghoddos,ir IRN,"MF,DF",Brentford,29-225,1993,1.3,0,0.23,0.23,-0.23,1.54,2.31,0.77,0,4.62
Pascal Groß,de GER,"MF,DF",Brighton,31-308,1991,28.2,0.21,0.31,0.25,-0.1,2.23,4.18,1.99,0.32,7.23
Vitaly Janelt,de GER,"MF,DF",Brentford,24-344,1998,18,0.06,0.06,0.06,-0.01,0.61,2.89,0.72,0.28,3.61
Ruben Loftus-Cheek,eng ENG,"MF,DF",Chelsea,27-086,1996,14.6,0,0.09,0.11,-0.09,0.82,4.38,0.89,0.07,5
James Milner,eng ENG,"MF,DF",Liverpool,37-105,1986,8.3,0.12,0.1,0.19,0.02,1.33,5.78,1.57,0.48,6.63
Lucas Moura,br BRA,"MF,DF",Tottenham,30-249,1992,1.4,0,0.21,0.21,-0.21,2.14,1.43,3.57,0.71,6.43
Wilfred Ndidi,ng NGA,"MF,DF",Leicester City,26-124,1996,15.7,0,0.01,0.01,-0.01,0.19,2.87,0,0,2.93
Mads Bech Sørensen,dk DEN,"DF,MF",Brentford,24-102,1999,0.2,0,0,0,0,0,10,0,0,5
Calum Chambers,eng ENG,"DF,MF",Aston Villa,28-089,1995,3.3,0,0,0,0,0.3,2.12,0.3,0,4.24
Ben Chilwell,eng ENG,"DF,MF",Chelsea,26-119,1996,12.8,0.16,0.16,0.16,-0.01,1.56,2.27,0.63,0.39,2.27
Matt Doherty,ie IRL,"DF,MF",Tottenham,31-093,1992,7.4,0,0.04,0.04,-0.04,0.81,1.89,0.68,0.41,2.7
Sergio Gómez,es ESP,"DF,MF",Manchester City,22-227,2000,1.9,0.53,0.21,0.11,0.32,1.05,6.84,1.05,0,5.26
Lewis Hall,eng ENG,"DF,MF",Chelsea,18-223,2004,3.4,0,0.09,0.06,-0.09,1.18,2.94,0.88,0.29,2.65
Mason Holgate,eng ENG,"DF,MF",Everton,26-179,1996,4.1,0,0.07,0.02,-0.07,0.73,2.2,0.24,0,2.44
Reece James,eng ENG,"DF,MF",Chelsea,23-132,1999,13.8,0.07,0.22,0.21,-0.14,1.52,4.35,1.74,0.43,6.52
Rico Lewis,eng ENG,"DF,MF",Manchester City,18-149,2004,6,0,0.13,0.17,-0.13,1.17,3.67,1.33,0.5,5.17
Ainsley Maitland-Niles,eng ENG,"DF,MF",Southampton,25-233,1997,12.9,0,0.05,0.05,-0.05,0.62,3.49,0.7,0.31,3.49
Vitaliy Mykolenko,ua UKR,"DF,MF",Everton,23-325,1999,25.5,0,0.05,0.04,-0.05,0.71,3.22,0.82,0.43,3.69
Nathan Patterson,sct SCO,"DF,MF",Everton,21-185,2001,11.4,0,0.04,0.05,-0.04,0.44,1.49,0.53,0.18,1.75
Ricardo Pereira,pt POR,"DF,MF",Leicester City,29-195,1993,4.3,0.23,0.12,0.14,0.12,1.4,5.58,2.09,0.7,5.81
Ivan Perišić,hr CRO,"DF,MF",Tottenham,34-076,1989,20.5,0.34,0.25,0.22,0.09,2,1.17,1.61,1.07,2.68
John Stones,eng ENG,"DF,MF",Manchester City,28-326,1994,16.2,0.12,0.08,0.06,0.04,0.37,5.99,0.12,0,5.56
Matías Viña,uy URU,"DF,MF",Bournemouth,25-161,1997,0.8,0,0.13,0,-0.13,1.25,1.25,0,0,1.25
Rúben Vinagre,pt POR,"DF,MF",Everton,24-010,1999,0.3,0,0,0,0,0,6.67,0,0,0
Tosin Adarabioyo,eng ENG,DF,Fulham,25-207,1997,15.2,0,0.01,0.01,-0.01,0.26,3.55,0.2,0,3.95
Nayef Aguerd,ma MAR,DF,West Ham,27-020,1996,11.7,0,0.03,0.02,-0.03,0.34,1.88,0.26,0,1.45
Rayan Aït Nouri,dz ALG,DF,Wolves,21-317,2001,11.5,0,0.09,0.07,-0.09,0.61,2.43,1.22,0.43,3.74
Kristoffer Ajer,no NOR,DF,Brentford,25-002,1998,8.5,0,0,0.01,0,0.12,2.35,0.35,0.12,3.65
Manuel Akanji,ch SUI,DF,Manchester City,27-274,1995,20.6,0.05,0.01,0.02,0.03,0.24,5.1,0.1,0.05,4.42
Nathan Aké,nl NED,DF,Manchester City,28-060,1995,18.7,0,0.03,0.06,-0.03,0.43,7.27,0.43,0.05,6.84
Trent Alexander-Arnold,eng ENG,DF,Liverpool,24-194,1998,24.5,0.2,0.31,0.27,-0.11,2.2,6.94,2.57,0.9,7.55
Daniel Amartey,gh GHA,DF,Leicester City,28-119,1994,17.9,0,0.03,0.02,-0.03,0.28,3.24,0.06,0,3.69
Joachim Andersen,dk DEN,DF,Crystal Palace,26-323,1996,24.4,0,0.04,0.03,-0.04,0.33,4.06,0.29,0.04,2.91
Ludwig Augustinsson,se SWE,DF,Aston Villa,28-363,1994,0.9,0,0,0,0,0,0,0,0,0
Serge Aurier,ci CIV,DF,Nott'ham Forest,30-116,1992,15.9,0,0.06,0.05,-0.06,0.63,2.2,0.75,0.38,3.71
Luke Ayling,eng ENG,DF,Leeds United,31-237,1991,16.8,0.06,0.1,0.11,-0.04,0.54,2.98,0.83,0.42,3.45
César Azpilicueta,es ESP,DF,Chelsea,33-234,1989,12.3,0,0.08,0.08,-0.08,0.81,2.52,1.3,0.33,4.8
Benoît Badiashile,fr FRA,DF,Chelsea,22-024,2001,8.1,0,0.06,0.02,-0.06,0.37,4.44,0.62,0,5.56
Jan Bednarek,pl POL,DF,Southampton,27-007,1996,12.1,0,0.01,0.02,-0.01,0.25,1.98,0,0,2.56
Jan Bednarek,pl POL,DF,Aston Villa,27-007,1996,1.1,0,0,0,0,0,3.64,0,0,4.55
Armel Bella Kotchap,de GER,DF,Southampton,21-129,2001,18.5,0.05,0.03,0.02,0.03,0.27,1.68,0.16,0,1.89
Victor Bernth Kristiansen,dk DEN,DF,Leicester City,20-124,2002,7,0,0.09,0.07,-0.09,0.71,2.43,0.43,0.29,2.86
Owen Bevan,wls WAL,DF,Bournemouth,19-175,2003,0.1,0,0,0,0,0,0,0,0,0
Giulian Biancone,fr FRA,DF,Nott'ham Forest,23-019,2000,0.2,0,0,0,0,0,0,0,0,0
Willy Boly,ci CIV,DF,Nott'ham Forest,32-075,1991,6.6,0.15,0.03,0.05,0.12,0.15,1.06,0,0,1.52
Sven Botman,nl NED,DF,Newcastle Utd,23-097,2000,26.7,0,0.04,0.04,-0.04,0.3,1.87,0.07,0,2.51
James Bree,eng ENG,DF,Southampton,25-190,1997,2.2,0,0.09,0.09,-0.09,1.82,1.82,2.27,1.82,1.36
Lewis Brunt,eng ENG,DF,Leicester City,22-164,2000,0.3,0,0,0,0,0,0,0,0,0
Hugo Bueno,es ESP,DF,Wolves,20-213,2002,11.9,0.08,0.05,0.06,0.03,0.92,1.85,0.76,0.42,2.77
Dan Burn,eng ENG,DF,Newcastle Utd,30-345,1992,28.2,0,0.04,0.04,-0.04,0.46,2.55,0.25,0.04,3.01
Duje Ćaleta-Car,hr CRO,DF,Southampton,26-214,1996,9,0,0,0.01,0,0.11,2.56,0,0,3.11
João Cancelo,pt POR,DF,Manchester City,28-327,1994,14.2,0.07,0.06,0.11,0.01,0.85,5.63,2.54,0.63,7.46
Diego Carlos,br BRA,DF,Aston Villa,30-035,1993,2,0,0,0,0,0,4,0,0,5
Matty Cash,pl POL,DF,Aston Villa,25-255,1997,18.2,0.05,0.04,0.05,0.02,0.44,3.02,0.82,0.49,4.07
Timothy Castagne,be BEL,DF,Leicester City,27-135,1995,29.2,0.1,0.09,0.07,0.02,0.68,2.71,0.58,0.27,3.12
Jonny Castro,es ESP,DF,Wolves,29-047,1994,14,0,0.07,0.06,-0.07,0.36,4.29,0.71,0.14,5
Trevoh Chalobah,eng ENG,DF,Chelsea,23-288,1999,12.3,0,0.01,0.01,-0.01,0.08,2.44,0.08,0,3.01
Nathaniel Clyne,eng ENG,DF,Crystal Palace,32-014,1991,18.2,0,0.04,0.03,-0.04,0.38,2.8,0.33,0.27,2.86
Conor Coady,eng ENG,DF,Everton,30-053,1993,21.9,0.05,0.01,0.02,0.03,0.18,3.24,0.14,0.05,1.83
Séamus Coleman,ie IRL,DF,Everton,34-190,1988,17.9,0,0.03,0.03,-0.03,0.17,1.9,0.84,0.34,3.07
Nathan Collins,ie IRL,DF,Wolves,21-354,2001,17.5,0,0.01,0.01,-0.01,0.11,3.71,0.11,0,3.43
Levi Colwill,eng ENG,DF,Brighton,20-052,2003,7.9,0,0.01,0.03,-0.01,0.25,5.06,0.38,0,4.43
Steve Cook,eng ENG,DF,Nott'ham Forest,32-000,1991,10.6,0,0.06,0.06,-0.06,0.28,1.7,0.19,0.09,1.79
Liam Cooper,sct SCO,DF,Leeds United,31-232,1991,12.5,0,0.04,0.02,-0.04,0.32,2.32,0,0,2.08
Vladimír Coufal,cz CZE,DF,West Ham,30-240,1992,18.2,0,0.1,0.07,-0.1,1.04,2.97,0.82,0.55,4.01
Aaron Cresswell,eng ENG,DF,West Ham,33-125,1989,19.6,0,0.15,0.13,-0.15,1.84,3.98,1.33,0.66,6.43
Marc Cucurella,es ESP,DF,Chelsea,24-271,1998,18.6,0.11,0.03,0.05,0.08,0.59,4.14,0.65,0.32,3.92
Diogo Dalot,pt POR,DF,Manchester Utd,24-032,1999,19.9,0.1,0.1,0.08,0.01,1.46,3.77,1.36,0.65,4.12
Ben Davies,wls WAL,DF,Tottenham,29-360,1993,20.3,0.1,0.11,0.06,-0.01,0.84,3.25,0.3,0.15,4.73
Craig Dawson,eng ENG,DF,West Ham,32-348,1990,8,0,0.01,0.01,-0.01,0.13,3.13,0,0,2.25
Craig Dawson,eng ENG,DF,Wolves,32-348,1990,10.2,0,0,0.01,0,0.1,3.43,0,0,2.55
Rúben Dias,pt POR,DF,Manchester City,25-340,1997,18.2,0,0.01,0.02,-0.01,0.11,6.04,0,0,4.51
Eric Dier,eng ENG,DF,Tottenham,29-094,1994,28.3,0.04,0.04,0.02,-0.01,0.25,2.58,0.28,0.11,2.83
Lucas Digne,fr FRA,DF,Aston Villa,29-273,1993,14.4,0,0.11,0.09,-0.11,1.04,2.36,1.32,0.76,3.54
Issa Diop,fr FRA,DF,Fulham,26-100,1997,16.7,0,0,0.01,0,0.06,3.41,0.18,0,3.41
Gabriel Dos Santos,br BRA,DF,Arsenal,25-121,1997,30.9,0,0.01,0.02,-0.01,0.1,4.63,0.06,0,4.37
Cody Drameh,eng ENG,DF,Leeds United,21-132,2001,0.8,0,0,0,0,0,2.5,0,0,2.5
Lewis Dunk,eng ENG,DF,Brighton,31-149,1991,29,0,0.02,0.02,-0.02,0.24,4.9,0.21,0.03,4.1
Emerson,br BRA,DF,Tottenham,24-095,1999,15.5,0.06,0.04,0.06,0.03,0.58,2.77,1.03,0.19,4.52
Pervis Estupiñán,ec ECU,DF,Brighton,25-088,1998,21.4,0.14,0.17,0.13,-0.03,1.68,3.41,1.5,0.61,5.47
Jonny Evans,nir NIR,DF,Leicester City,35-106,1988,9,0,0,0.01,0,0.11,4.44,0.11,0,3.44
Wout Faes,be BEL,DF,Leicester City,25-016,1998,24,0.04,0.02,0.02,0.02,0.29,2.5,0.21,0,2.42
Felipe,br BRA,DF,Nott'ham Forest,33-338,1989,9.9,0.1,0.04,0.07,0.06,0.3,1.11,0.1,0,1.41
Junior Firpo,es ESP,DF,Leeds United,26-240,1996,11.9,0.08,0.07,0.06,0.02,0.67,2.86,0.59,0.25,3.87
Wesley Fofana,fr FRA,DF,Leicester City,22-123,2000,2,0,0,0,0,0,8,0,0,3
Wesley Fofana,fr FRA,DF,Chelsea,22-123,2000,8.7,0,0,0.02,0,0,4.14,0.11,0,3.56
Ryan Fredericks,eng ENG,DF,Bournemouth,30-191,1992,5.9,0,0.02,0.05,-0.02,0.17,0.85,1.02,0.17,2.54
Ben Godfrey,eng ENG,DF,Everton,25-094,1998,7.8,0.13,0.03,0.01,0.1,0.38,2.69,0.13,0.13,1.79
Toti Gomes,pt POR,DF,Wolves,24-093,1999,6.4,0,0.03,0.03,-0.03,0.47,2.81,0.78,0.31,2.81
Joe Gomez,eng ENG,DF,Liverpool,25-331,1997,15.3,0,0.01,0.05,-0.01,0.07,7.58,0.26,0,6.73
Marc Guéhi,eng ENG,DF,Crystal Palace,22-280,2000,30,0,0.01,0.01,-0.01,0.2,3.53,0.07,0,2.9
Jan Paul van Hecke,nl NED,DF,Brighton,22-315,2000,1,0,0,0,0,0,13,0,0,10
Rico Henry,eng ENG,DF,Brentford,25-285,1997,29.5,0.07,0.08,0.09,-0.01,0.68,1.97,1.08,0.41,3.02
Aaron Hickey,sct SCO,DF,Brentford,20-313,2002,15.6,0,0.01,0.03,-0.01,0.13,3.08,0.51,0.19,3.91
Rob Holding,eng ENG,DF,Arsenal,27-211,1995,4.2,0,0,0,0,0,2.38,0,0,2.86
Pontus Jansson,se SWE,DF,Brentford,32-065,1991,8,0,0,0.01,0,0,1.38,0,0,1.75
Ben Johnson,eng ENG,DF,West Ham,23-085,2000,8.3,0,0.02,0.05,-0.02,0.36,2.89,0.96,0.48,4.34
James Justin,eng ENG,DF,Leicester City,25-055,1998,13.9,0,0.02,0.04,-0.02,0.5,3.45,0.86,0.5,3.38
Mathias Jørgensen,dk DEN,DF,Brentford,32-361,1990,9.1,0,0.01,0.01,-0.01,0.11,2.75,0,0,2.86
Michael Keane,eng ENG,DF,Everton,30-098,1993,7.3,0.14,0.04,0.03,0.1,0.14,2.88,0,0,2.19
Thilo Kehrer,de GER,DF,West Ham,26-210,1996,21.2,0.09,0.02,0.02,0.07,0.28,2.55,0.14,0,2.41
Lloyd Kelly,eng ENG,DF,Bournemouth,24-195,1998,16,0.13,0.01,0.04,0.11,0.31,3.38,0.38,0.13,1.88
Max Kilman,eng ENG,DF,Wolves,25-331,1997,31,0,0,0.02,0,0.06,3.94,0.23,0.06,3.74
Jakub Kiwior,pl POL,DF,Arsenal,23-063,2000,0.2,0,0,0,0,0,0,0,0,0
Robin Koch,de GER,DF,Leeds United,26-276,1996,29.3,0,0,0.01,0,0.03,3.45,0.17,0,3.14
Ibrahima Konaté,fr FRA,DF,Liverpool,23-329,1999,11.2,0,0,0.03,0,0,2.59,0.09,0,3.3
Ezri Konsa,eng ENG,DF,Aston Villa,25-178,1997,29.9,0,0.04,0.02,-0.04,0.23,1.81,0.13,0.07,1.44
Kalidou Koulibaly,sn SEN,DF,Chelsea,31-303,1991,19.9,0.05,0.02,0.02,0.03,0.35,4.17,0.45,0.05,4.07
Emil Krafth,se SWE,DF,Newcastle Utd,28-260,1994,0,0,0,0,0,0,0,0,0,0
Layvin Kurzawa,fr FRA,DF,Fulham,30-227,1992,1.5,0,0,0,0,0,0.67,0.67,0.67,1.33
Tariq Lamptey,gh GHA,DF,Brighton,22-201,2000,5,0,0.04,0.14,-0.04,0.8,2.8,1.6,1,5.2
Aymeric Laporte,es ESP,DF,Manchester City,28-327,1994,7.2,0,0.03,0.04,-0.03,0.56,7.92,0.83,0,8.19
Juan Larios,es ESP,DF,Southampton,19-097,2004,1.7,0,0,0,0,0,2.94,0,0,2.35
Jamaal Lascelles,eng ENG,DF,Newcastle Utd,29-159,1993,2.2,0,0,0,0,0,1.36,0,0,1.36
Dexter Lembikisa,jm JAM,DF,Wolves,19-166,2003,0.3,0,0,0,0,0,6.67,0,0,10
Clément Lenglet,fr FRA,DF,Tottenham,27-306,1995,17.5,0.11,0.03,0.05,0.08,0.34,3.49,0.57,0.29,3.83
Jamal Lewis,nir NIR,DF,Newcastle Utd,25-084,1998,0.1,0,0,0,0,0,0,0,0,10
Victor Lindelöf,se SWE,DF,Manchester Utd,28-276,1994,7.2,0,0,0,0,0,2.92,0,0,2.64
Diego Llorente,es ESP,DF,Leeds United,29-246,1993,7.2,0,0,0,0,0,2.36,0,0,3.75
Renan Lodi,br BRA,DF,Nott'ham Forest,25-011,1998,18.3,0,0.03,0.04,-0.03,0.44,1.26,0.71,0.38,1.37
Lyanco,br BRA,DF,Southampton,26-077,1997,7.8,0,0.01,0.01,-0.01,0.13,2.56,0.13,0,2.56
Harry Maguire,eng ENG,DF,Manchester Utd,30-045,1993,7.4,0,0,0.01,0,0.14,3.92,0,0,3.24
Tyrell Malacia,nl NED,DF,Manchester Utd,23-245,1999,11.8,0,0.03,0.04,-0.03,0.34,2.46,0.25,0,2.54
Javier Manquillo,es ESP,DF,Newcastle Utd,28-349,1994,0.2,0,0,0,0,0,0,0,0,5
Lisandro Martínez,ar ARG,DF,Manchester Utd,25-091,1998,23.5,0,0.01,0.04,-0.01,0.26,3.91,0.21,0,3.53
Joël Matip,cm CMR,DF,Liverpool,31-254,1991,10.1,0,0.03,0.04,-0.03,0.3,4.36,0.59,0,4.65
Scott McKenna,sct SCO,DF,Nott'ham Forest,26-158,1996,17.1,0,0.06,0.02,-0.06,0.47,2.05,0.18,0.06,2.05
Ben Mee,eng ENG,DF,Brentford,33-210,1989,29.3,0,0.01,0.02,-0.01,0.17,2.18,0.2,0.03,2.12
Chris Mepham,wls WAL,DF,Bournemouth,25-165,1997,21.4,0,0.01,0.03,-0.01,0.19,1.59,0.09,0,1.59
Yerry Mina,co COL,DF,Everton,28-208,1994,2.6,0,0,0,0,0,3.85,0,0,2.69
Tyrone Mings,eng ENG,DF,Aston Villa,30-037,1993,28,0.07,0.05,0.03,0.02,0.18,2.96,0.18,0,2.86
Tyrick Mitchell,eng ENG,DF,Crystal Palace,23-230,1999,25.1,0.08,0.04,0.04,0.04,0.44,2.47,0.6,0.24,3.07
Álex Moreno,es ESP,DF,Aston Villa,29-315,1993,10.3,0.29,0.22,0.19,0.07,1.84,1.26,1.46,0.68,1.94
Moussa Niakhate,sn SEN,DF,Nott'ham Forest,27-042,1996,6.8,0,0.01,0,-0.01,0.15,1.47,0,0,1.03
Rasmus Nissen,dk DEN,DF,Leeds United,25-282,1997,15.8,0.06,0.06,0.05,0,0.51,2.59,0.95,0.13,3.61
Angelo Ogbonna,it ITA,DF,West Ham,34-331,1988,8.9,0,0.02,0.01,-0.02,0.22,0.22,0.11,0,0.45
Emerson Palmieri,it ITA,DF,West Ham,28-259,1994,10.9,0,0.06,0.06,-0.06,0.83,2.29,0.73,0.28,3.21
Romain Perraud,fr FRA,DF,Southampton,25-209,1997,19,0.11,0.09,0.09,0.01,0.74,2.42,0.74,0.37,3.11
Nathaniel Phillips,eng ENG,DF,Liverpool,26-029,1997,0.7,0,0,0,0,0,10,0,0,12.9
Ethan Pinnock,jm JAM,DF,Brentford,29-325,1993,23,0,0.04,0.04,-0.04,0.26,1.39,0.09,0.09,1.7
Pedro Porro,es ESP,DF,Tottenham,23-218,1999,6.7,0.15,0.19,0.16,-0.04,1.79,2.09,2.39,1.49,3.43
Tim Ream,us USA,DF,Fulham,35-196,1987,30,0,0,0.01,0,0.1,4.63,0,0,4.23
Nathan Redmond,eng ENG,DF,Southampton,29-044,1994,0,0,0,0,0,0,0,0,0,0
Chris Richards,us USA,DF,Crystal Palace,23-022,2000,4,0,0.07,0,-0.07,0.25,2,0,0,2.25
Andrew Robertson,sct SCO,DF,Liverpool,29-039,1994,22.7,0.26,0.22,0.24,0.05,1.76,3.39,1.28,0.57,5.11
Antonee Robinson,us USA,DF,Fulham,25-254,1997,26.3,0.04,0.04,0.06,0,0.72,3.23,1.29,0.8,3.92
Mads Roerslev,dk DEN,DF,Brentford,23-299,1999,11.2,0,0.09,0.06,-0.09,0.63,1.16,0.54,0.36,1.52
Cristian Romero,ar ARG,DF,Tottenham,24-357,1998,21.3,0,0.01,0.03,-0.01,0.19,3.29,0.38,0,3.85
William Saliba,fr FRA,DF,Arsenal,22-026,2001,26.8,0.04,0.04,0.01,-0.01,0.22,4.14,0.11,0,3.69
Mohammed Salisu,gh GHA,DF,Southampton,24-002,1999,21.9,0.05,0.03,0.02,0.02,0.32,3.65,0.32,0.18,3.74
Davinson Sánchez,co COL,DF,Tottenham,26-311,1996,6.8,0,0.01,0.03,-0.01,0.15,4.41,0.15,0.15,4.26
Fabian Schär,ch SUI,DF,Newcastle Utd,31-120,1991,27.8,0.04,0.07,0.06,-0.04,0.5,3.85,0.58,0.04,4.06
Nélson Semedo,pt POR,DF,Wolves,29-154,1993,22.8,0.04,0.03,0.04,0.01,0.44,3.73,0.57,0.22,3.86
Marcos Senesi,ar ARG,DF,Bournemouth,25-344,1997,22.9,0,0.02,0.01,-0.02,0.22,2.71,0.09,0.04,1.83
Ryan Sessegnon,eng ENG,DF,Tottenham,22-336,2000,9,0,0.12,0.12,-0.12,0.67,1.78,1.22,0.33,2.44
Luke Shaw,eng ENG,DF,Manchester Utd,27-281,1995,21.9,0.09,0.14,0.11,-0.05,1.32,5.66,1.19,0.55,4.84
Thiago Silva,br BRA,DF,Chelsea,38-209,1984,20.1,0.1,0.02,0.03,0.08,0.2,4.48,0.5,0,4.08
Adam Smith,eng ENG,DF,Bournemouth,31-355,1991,27.9,0.04,0.03,0.04,0.01,0.32,2.19,0.79,0.47,2.65
Cédric Soares,pt POR,DF,Arsenal,31-231,1991,0.3,0,0,0,0,0,0,0,0,10
Cédric Soares,pt POR,DF,Fulham,31-231,1991,0.9,0,0.11,0.11,-0.11,1.11,7.78,3.33,2.22,5.56
Harry Souttar,au AUS,DF,Leicester City,24-179,1998,10,0.1,0.02,0.01,0.08,0.3,3.6,0.1,0,2.8
Çağlar Söyüncü,tr TUR,DF,Leicester City,26-331,1996,1.9,0,0.05,0,-0.05,0.53,2.63,0,0,2.63
Jack Stacey,eng ENG,DF,Bournemouth,27-013,1996,3.3,0,0,0,0,0,1.82,0.3,0.3,0.61
Jack Stephens,eng ENG,DF,Southampton,29-082,1994,0.5,0,0,0,0,0,6,0,0,6
Jack Stephens,eng ENG,DF,Bournemouth,29-082,1994,12,0,0.02,0.02,-0.02,0.25,2.08,0.25,0.17,2.08
Pascal Struijk,nl NED,DF,Leeds United,23-251,1999,22.7,0.04,0.1,0.05,-0.06,0.57,3.83,0.53,0.13,5.02
Japhet Tanganga,eng ENG,DF,Tottenham,24-019,1999,1.6,0,0,0,0,0,2.5,0.63,0.63,3.13
Matt Targett,eng ENG,DF,Newcastle Utd,27-213,1995,5.1,0,0.08,0.12,-0.08,1.57,3.33,0.98,0,6.67
James Tarkowski,eng ENG,DF,Everton,30-151,1992,31,0.03,0.07,0.06,-0.04,0.45,2.74,0.06,0,2.9
Kenny Tete,nl NED,DF,Fulham,27-192,1995,21.8,0.18,0.07,0.07,0.11,0.87,2.39,0.96,0.78,3.44
Luke Thomas,eng ENG,DF,Leicester City,21-313,2001,8.5,0,0.08,0.05,-0.08,0.47,3.18,0.47,0.24,4.35
Kieran Tierney,sct SCO,DF,Arsenal,25-318,1997,6.9,0.14,0.04,0.06,0.1,0.58,4.64,0.87,0.14,4.35
Harry Toffolo,eng ENG,DF,Nott'ham Forest,27-243,1995,9.8,0,0.08,0.09,-0.08,0.51,1.22,0.71,0.41,2.65
Takehiro Tomiyasu,jp JPN,DF,Arsenal,24-165,1998,7.4,0.14,0.08,0.03,0.05,0.54,5.54,0.81,0.27,6.89
James Tomkins,eng ENG,DF,Crystal Palace,34-021,1989,3.8,0,0,0,0,0,0.53,0,0,0.53