Player,Nation,Pos,Squad,Age,Born,90s,Tkl,TklW,Def 3rd,Mid 3rd,Att 3rd,Int,Tkl+Int,Clr,Err
Tammy Abraham,eng ENG,FW,Roma,25-199,1997,20.3,0.59,0.34,0.15,0.25,0.2,0.15,0.74,0.49,0
Felipe Anderson,br BRA,FW,Lazio,30-004,1993,26.4,2.08,1.36,0.72,1.17,0.19,0.72,2.8,0.72,0
Janis Antiste,fr FRA,FW,Sassuolo,20-244,2002,0.6,1.67,0,1.67,0,0,0,1.67,0,0
Marko Arnautović,at AUT,FW,Bologna,34-000,1989,13.7,0.58,0.36,0.15,0.29,0.15,0.15,0.73,0.58,0
Arthur,br BRA,FW,Fiorentina,24-359,1998,13.2,0.61,0.15,0.08,0.23,0.3,0,0.61,0.61,0
Nedim Bajrami,al ALB,FW,Sassuolo,24-050,1999,4.6,1.09,0.43,0.65,0.43,0,1.3,2.39,1.09,0
Andrea Belotti,it ITA,FW,Roma,29-120,1993,8,1.13,0.63,0.38,0.25,0.5,0.38,1.5,0.25,0
Domenico Berardi,it ITA,FW,Sassuolo,28-261,1994,14.6,1.23,0.82,0.48,0.41,0.34,0.89,2.12,0.96,0
Beto,gw GNB,FW,Udinese,25-078,1998,21,0.76,0.43,0,0.43,0.33,0.19,0.95,1.19,0
Matteo Cancellieri,it ITA,FW,Lazio,21-066,2002,2.7,3.33,1.48,1.85,0.74,0.74,0.37,3.7,0.74,0
Francesco Caputo,it ITA,FW,Sampdoria,35-256,1987,12.2,0.25,0.08,0,0,0.25,0.08,0.33,0.25,0
Francesco Caputo,it ITA,FW,Empoli,35-256,1987,13.3,0.15,0.15,0,0.08,0.08,0.08,0.23,0.38,0
Assan Ceesay,gm GAM,FW,Lecce,29-033,1994,15,1.33,1.07,0.47,0.4,0.47,0.2,1.53,1.53,0
Emil Ceide,no NOR,FW,Sassuolo,21-228,2001,3.8,1.05,0.26,1.05,0,0,0.26,1.32,0,0
Daniel Ciofani,it ITA,FW,Cremonese,37-262,1985,7.9,0.63,0.38,0.13,0.25,0.25,0,0.63,0.38,0
Lorenzo Colombo,it ITA,FW,Lecce,21-042,2002,14.2,0.92,0.35,0.07,0.49,0.35,0.14,1.06,0.35,0
Joaquín Correa,ar ARG,FW,Inter,28-249,1994,7.2,1.39,0.97,0.28,0.83,0.28,0.14,1.53,0,0
Luca D'Andrea,it ITA,FW,Sassuolo,18-225,2004,3.5,1.14,0,0.57,0.29,0.29,0.29,1.43,0.29,0
Grégoire Defrel,mq MTQ,FW,Sassuolo,31-306,1991,8.5,0.94,0.71,0.47,0.24,0.24,0.12,1.06,0.59,0
Cyriel Dessers,ng NGA,FW,Cremonese,28-132,1994,16.7,0.6,0.18,0.18,0.24,0.18,0.18,0.78,0.3,0
Mattia Destro,it ITA,FW,Empoli,32-030,1991,5.2,0.19,0.19,0,0.19,0,0.19,0.38,0.77,0
Gerard Deulofeu,es ESP,FW,Udinese,29-037,1994,13.5,0.59,0.37,0.37,0.07,0.15,0.15,0.74,0.07,0
Edin Džeko,ba BIH,FW,Inter,37-033,1986,17.7,0.11,0.11,0,0.11,0,0.17,0.28,1.3,0
Adolfo Gaich,ar ARG,FW,Hellas Verona,24-052,1999,5.9,0.85,0.51,0,0.51,0.34,0.34,1.19,1.02,0.17
Olivier Giroud,fr FRA,FW,Milan,36-201,1986,18.6,0.38,0.27,0.11,0.16,0.11,0.11,0.48,1.02,0
Thomas Henry,fr FRA,FW,Hellas Verona,28-211,1994,11.4,0.44,0.26,0.09,0.09,0.26,0,0.44,1.23,0
Rasmus Højlund,dk DEN,FW,Atalanta,20-074,2003,16.3,0.25,0.18,0,0.12,0.12,0.06,0.31,0.31,0
Zlatan Ibrahimović,se SWE,FW,Milan,41-198,1981,1.6,0,0,0,0,0,0,0,1.25,0
Jonathan Ikone,fr FRA,FW,Fiorentina,24-352,1998,18.8,0.74,0.32,0.27,0.27,0.21,0.21,0.96,0.16,0
Ciro Immobile,it ITA,FW,Lazio,33-058,1990,17.9,0.45,0.28,0.11,0.22,0.11,0.06,0.5,0.56,0
Jesé,es ESP,FW,Sampdoria,30-052,1993,1.8,0.56,0,0,0.56,0,0.56,1.11,0.56,0
Luka Jović,rs SRB,FW,Fiorentina,25-117,1997,13,0.38,0.15,0.08,0.23,0.08,0.15,0.54,0.62,0
Moise Kean,it ITA,FW,Juventus,23-050,2000,9.7,0.82,0.62,0.21,0.52,0.1,0.41,1.24,0.21,0
Christian Kouamé,ci CIV,FW,Fiorentina,25-134,1997,16.7,1.26,0.96,0.48,0.36,0.42,0.72,1.98,0.24,0
Julian Kristoffersen,no NOR,FW,Salernitana,25-344,1997,0.2,0,0,0,0,0,0,0,0,0
Raimonds Krollis,lv LVA,FW,Spezia,21-173,2001,0.2,5,5,0,0,5,0,5,0,0
Khvicha Kvaratskhelia,ge GEO,FW,Napoli,22-066,2001,21.5,1.49,0.79,0.47,0.28,0.74,0.19,1.67,0.28,0.05
Sam Lammers,nl NED,FW,Sampdoria,25-354,1997,9,1.22,0.56,0.11,0.78,0.33,0.33,1.56,1.11,0
Sam Lammers,nl NED,FW,Empoli,25-354,1997,9.8,2.04,1.02,0.51,0.92,0.61,0.31,2.35,0.82,0
Armand Lauriente,fr FRA,FW,Sassuolo,24-136,1998,21,0.76,0.48,0.1,0.33,0.33,0.48,1.24,0.33,0
Marko Lazetić,rs SRB,FW,Milan,19-087,2004,0.1,0,0,0,0,0,0,0,0,0
Hirving Lozano,mx MEX,FW,Napoli,27-263,1995,15.9,1.51,0.82,0.63,0.38,0.5,0.82,2.33,0.38,0
Romelu Lukaku,be BEL,FW,Inter,29-341,1993,11.6,0.09,0,0,0,0.09,0,0.09,0.86,0
Jordan Majchrzak,pl POL,FW,Roma,18-193,2004,0.2,0,0,0,0,0,0,0,0,0
Lautaro Martínez,ar ARG,FW,Inter,25-240,1997,24.5,0.9,0.45,0.08,0.53,0.29,0.49,1.39,0.49,0.04
Arkadiusz Milik,pl POL,FW,Juventus,29-050,1994,12.5,0.56,0.4,0.08,0.32,0.16,0.08,0.64,0.8,0
Daniele Montevago,it ITA,FW,Sampdoria,20-032,2003,2.6,0.38,0,0,0,0.38,0,0.38,0.38,0
Luis Muriel,co COL,FW,Atalanta,32-003,1991,9.5,0.84,0.53,0.21,0.32,0.32,0.21,1.05,0.21,0
M'Bala Nzola,ao ANG,FW,Spezia,26-244,1996,24.1,0.5,0.21,0,0.25,0.25,0.21,0.71,0.83,0
Riccardo Orsolini,it ITA,FW,Bologna,26-085,1997,17.9,1.23,0.78,0.5,0.5,0.22,0.45,1.68,0.78,0
Victor Osimhen,ng NGA,FW,Napoli,24-111,1998,21.3,0.23,0.14,0.05,0.05,0.14,0.14,0.38,0.89,0
Adam Ounas,dz ALG,FW,Napoli,26-159,1996,0.2,0,0,0,0,0,5,5,0,0
Pedro,es ESP,FW,Lazio,35-265,1987,17.4,1.44,1.03,0.75,0.4,0.29,0.34,1.78,0.23,0.06
Pietro Pellegri,it ITA,FW,Torino,22-033,2001,4.5,1.11,0.22,0.22,0.44,0.44,0,1.11,0.44,0
Andrea Petagna,it ITA,FW,Monza,27-293,1995,15,0.47,0.33,0.13,0.2,0.13,0.13,0.6,1.07,0
Krzysztof Piątek,pl POL,FW,Salernitana,27-292,1995,19,0.74,0.37,0.05,0.37,0.32,0.11,0.84,1.63,0
Roberto Piccoli,it ITA,FW,Hellas Verona,22-082,2001,2.1,0.48,0,0.48,0,0,0,0.48,0.95,0
Roberto Piccoli,it ITA,FW,Empoli,22-082,2001,3.9,0,0,0,0,0,0.26,0.26,2.05,0
Andrea Pinamonti,it ITA,FW,Sassuolo,23-335,1999,20.5,0.44,0.29,0,0.24,0.2,0.1,0.54,0.44,0
Matteo Politano,it ITA,FW,Napoli,29-259,1993,12.5,1.44,0.72,0.72,0.4,0.32,0.56,2,0.56,0
Fabio Quagliarella,it ITA,FW,Sampdoria,40-078,1983,4.6,0.22,0.22,0,0.22,0,0,0.22,1.3,0
Antonio Raimondo,it ITA,FW,Bologna,19-032,2004,0.2,0,0,0,0,0,0,0,5,0
Giacomo Raspadori,it ITA,FW,Sassuolo,23-060,2000,0.5,0,0,0,0,0,0,0,0,0
Luka Romero,ar ARG,FW,Lazio,18-152,2004,1.7,0,0,0,0,0,1.76,1.76,0.59,0
Antonio Sanabria,py PAR,FW,Torino,27-046,1996,19.7,0.41,0.2,0.05,0.15,0.2,0.15,0.56,0.36,0
Nicola Sansone,it ITA,FW,Bologna,31-221,1991,7,1.43,0.57,0.57,0.57,0.29,0,1.43,0.29,0
Riccardo Saponara,it ITA,FW,Fiorentina,31-119,1991,10.9,0.92,0.46,0.28,0.55,0.09,0.37,1.28,0.73,0
Martin Satriano,uy URU,FW,Empoli,22-058,2001,18.1,0.72,0.44,0.28,0.33,0.11,0.17,0.88,1.16,0
Vivaldo Semedo,pt POR,FW,Udinese,18-081,2005,0,0,0,0,0,0,0,0,0,0
Eldor Shomurodov,uz UZB,FW,Spezia,27-294,1995,5.3,0.57,0.57,0.38,0,0.19,0.19,0.75,0.57,0
Eldor Shomurodov,uz UZB,FW,Roma,27-294,1995,1.3,0.77,0,0.77,0,0,0.77,1.54,0,0
Giovanni Simeone,ar ARG,FW,Napoli,27-288,1995,3.6,3.33,0.83,0.83,1.39,1.11,0.28,3.61,0.83,0
Riccardo Sottil,it ITA,FW,Fiorentina,23-320,1999,6.3,0,0,0,0,0,0,0,0,0
Dávid Strelec,sk SVK,FW,Spezia,22-015,2001,1.9,1.05,1.05,0,0.53,0.53,0,1.05,0,0
Isaac Success,ng NGA,FW,Udinese,27-102,1996,19.7,0.41,0.2,0.1,0.25,0.05,0.2,0.61,0.86,0
Dušan Vlahović,rs SRB,FW,Juventus,23-081,2000,18.3,0.44,0.27,0,0.22,0.22,0.16,0.6,0.38,0.05
Joel Voelkerling Persson,se SWE,FW,Lecce,20-094,2003,0.8,1.25,1.25,0,0,1.25,0,1.25,0,0
Mattia Zaccagni,it ITA,FW,Lazio,27-307,1995,23.9,1.38,0.88,0.63,0.59,0.17,0.79,2.18,0.42,0.04
Duván Zapata,co COL,FW,Atalanta,32-018,1991,11.3,0.18,0.18,0,0,0.18,0.27,0.44,1.15,0
Joshua Zirkzee,nl NED,FW,Bologna,21-332,2001,6.7,0.45,0.15,0,0.15,0.3,0.6,1.04,0.45,0
Milan Đurić,ba BIH,FW,Hellas Verona,32-332,1990,9.1,0.22,0.11,0.11,0,0.11,0.11,0.33,1.87,0
Michel Aebischer,ch SUI,"FW,MF",Bologna,26-103,1997,12.7,0.79,0.31,0.24,0.31,0.24,0.47,1.26,0.47,0
Felix Afena-Gyan,gh GHA,"FW,MF",Cremonese,20-090,2003,6.8,0.88,0.44,0.59,0.15,0.15,0.15,1.03,0.44,0
Agustín Álvarez Martínez,uy URU,"FW,MF",Sassuolo,21-335,2001,3.5,1.71,0.86,0,1.43,0.29,0.86,2.57,0.86,0
Lameck Banda,zm ZAM,"FW,MF",Lecce,22-080,2001,13.7,1.68,1.02,0.66,0.8,0.22,0.22,1.9,0.15,0
Musa Barrow,gm GAM,"FW,MF",Bologna,24-156,1998,15.4,1.04,0.19,0.52,0.32,0.19,0.06,1.1,0.26,0
Federico Bonazzoli,it ITA,"FW,MF",Salernitana,25-333,1997,12.4,0.4,0.24,0,0.24,0.16,0.24,0.65,0,0
Erik Botheim,no NOR,"FW,MF",Salernitana,23-099,2000,4.1,1.22,0.98,0,0.73,0.49,0,1.22,0.24,0
Josip Brekalo,hr CRO,"FW,MF",Fiorentina,24-300,1998,1.3,1.54,0.77,0,0.77,0.77,0,1.54,0,0
Nicolò Cambiaghi,it ITA,"FW,MF",Empoli,22-112,2000,7.3,2.19,1.64,1.1,0.55,0.55,0.68,2.88,0.68,0
Manuel De Luca,it ITA,"FW,MF",Sampdoria,24-276,1998,0.5,0,0,0,0,0,0,0,0,0
Samuel Di Carmine,it ITA,"FW,MF",Cremonese,34-202,1988,0.3,0,0,0,0,0,0,0,0,0
Federico Di Francesco,it ITA,"FW,MF",Lecce,28-309,1994,18.2,1.32,0.82,0.38,0.55,0.38,0.33,1.65,0.66,0
Ángel Di María,ar ARG,"FW,MF",Juventus,35-064,1988,11.5,0.7,0.35,0.17,0.43,0.09,0.43,1.13,0,0
Boulaye Dia,sn SEN,"FW,MF",Salernitana,26-154,1996,22,0.45,0.18,0.14,0.18,0.14,0.18,0.64,0.95,0.05
Emmanuel Ekong,se SWE,"FW,MF",Empoli,20-298,2002,0.2,0,0,0,0,0,0,0,0,0
Manolo Gabbiadini,it ITA,"FW,MF",Sampdoria,31-144,1991,18.7,0.59,0.32,0.16,0.21,0.21,0.16,0.75,1.07,0
Nicolás González,ar ARG,"FW,MF",Fiorentina,25-013,1998,11.4,0.88,0.44,0.18,0.44,0.26,0.18,1.05,0.44,0
Christian Gytkjær,dk DEN,"FW,MF",Monza,32-348,1990,5.8,1.03,0.34,0.17,0.69,0.17,0,1.03,0.17,0
Kevin Lasagna,it ITA,"FW,MF",Hellas Verona,30-252,1992,17,0.65,0.29,0.41,0.18,0.06,0.29,0.94,0.76,0
Rafael Leão,pt POR,"FW,MF",Milan,23-313,1999,21.7,0.23,0.18,0.05,0.14,0.05,0.55,0.78,0.37,0
Ademola Lookman,ng NGA,"FW,MF",Atalanta,25-181,1997,18.1,0.61,0.17,0.11,0.33,0.17,0.22,0.83,0,0
Daniel Maldini,it ITA,"FW,MF",Spezia,21-190,2001,6.6,1.82,0.76,0.45,0.61,0.76,0.15,1.97,1.06,0
Dany Mota,pt POR,"FW,MF",Monza,24-352,1998,14.3,0.35,0.28,0,0.14,0.21,0.21,0.56,1.12,0
Ilija Nestorovski,mk MKD,"FW,MF",Udinese,33-038,1990,2,1.5,0,0,0.5,1,0,1.5,1.5,0
David Okereke,ng NGA,"FW,MF",Cremonese,25-233,1997,20,0.55,0.35,0.2,0.25,0.1,0.25,0.8,0.55,0
Divock Origi,be BEL,"FW,MF",Milan,28-001,1995,9.5,0.84,0.32,0.42,0.11,0.32,0,0.84,1.26,0
Remi Oudin,fr FRA,"FW,MF",Lecce,26-152,1996,7.2,2.36,1.11,0.69,1.39,0.28,1.94,4.31,1.53,0
Giacomo Raspadori,it ITA,"FW,MF",Napoli,23-060,2000,8.1,1.11,0.86,0,0.62,0.49,0.49,1.6,0.37,0
Ante Rebić,hr CRO,"FW,MF",Milan,29-210,1993,8.9,0.9,0.67,0.11,0.22,0.56,0.11,1.01,0.45,0
Pablo Rodríguez,es ESP,"FW,MF",Lecce,21-258,2001,0.6,3.33,1.67,3.33,0,0,0,3.33,0,0
Leandro Sanca,pt POR,"FW,MF",Spezia,23-105,2000,0.4,2.5,2.5,0,0,2.5,0,2.5,0,0
Demba Seck,sn SEN,"FW,MF",Torino,22-068,2001,4.4,1.14,0.45,0.68,0.45,0,0.23,1.36,0.23,0
Ola Solbakken,no NOR,"FW,MF",Roma,24-224,1998,2.2,0.45,0.45,0.45,0,0,0.45,0.91,1.36,0
Roberto Soriano,it ITA,"FW,MF",Bologna,32-070,1991,14.7,2.11,1.09,0.61,1.09,0.41,0.41,2.52,0.95,0
Gabriel Strefezza,br BRA,"FW,MF",Lecce,26-001,1997,21.5,1.81,0.93,0.74,0.79,0.28,0.65,2.47,0.65,0
Florian Thauvin,fr FRA,"FW,MF",Udinese,30-083,1993,3.2,0.31,0,0,0.31,0,0.31,0.63,0.31,0
Frank Tsadjout,it ITA,"FW,MF",Cremonese,23-265,1999,9.2,0.98,0.76,0.33,0.54,0.11,0.76,1.74,0.98,0
Daniele Verde,it ITA,"FW,MF",Spezia,26-303,1996,9,0.33,0.33,0.22,0,0.11,0.89,1.22,0.33,0
Emanuel Vignato,it ITA,"FW,MF",Empoli,22-238,2000,0.3,6.67,0,6.67,0,0,0,6.67,0,0
Samuele Vignato,it ITA,"FW,MF",Monza,19-054,2004,0.2,0,0,0,0,0,0,0,0,0
Alessio Zerbin,it ITA,"FW,MF",Napoli,24-047,1999,0.8,10,3.75,5,3.75,1.25,0,10,2.5,0
Yacine Adli,fr FRA,"MF,FW",Milan,22-264,2000,1.4,4.29,2.14,1.43,2.86,0,0.71,5,0.71,0
Kevin Agudelo,co COL,"MF,FW",Spezia,24-156,1998,20.6,3.16,1.65,0.87,1.36,0.92,0.44,3.59,0.29,0
Nedim Bajrami,al ALB,"MF,FW",Empoli,24-050,1999,10.4,0.77,0.38,0.29,0.29,0.19,0.67,1.44,0.38,0
Jeremie Boga,ci CIV,"MF,FW",Atalanta,26-106,1997,7.8,1.03,0.51,0.26,0.26,0.51,0.13,1.15,0.13,0
Cristian Buonaiuto,it ITA,"MF,FW",Cremonese,30-111,1992,7.7,1.82,1.04,0.52,0.65,0.65,1.3,3.12,0.65,0
Gianluca Caprari,it ITA,"MF,FW",Monza,29-263,1993,21.5,0.65,0.28,0.14,0.42,0.09,0.33,0.98,0.14,0
Charles De Ketelaere,be BEL,"MF,FW",Milan,22-040,2001,10.6,2.08,0.94,0.47,1.23,0.38,0.28,2.36,0.75,0
Paulo Dybala,ar ARG,"MF,FW",Roma,29-155,1993,17.8,0.79,0.22,0.06,0.45,0.28,0.45,1.24,0.22,0
Elif Elmas,mk MKD,"MF,FW",Napoli,23-207,1999,13.4,1.19,0.67,0.37,0.6,0.22,0.82,2.01,0.3,0
Hamed Junior Traorè,ci CIV,"MF,FW",Sassuolo,23-062,2000,6.6,1.67,0.91,0.61,0.91,0.15,0.3,1.97,0,0.15
Yayah Kallon,sl SLE,"MF,FW",Hellas Verona,21-293,2001,8.9,1.57,1.12,0.56,0.45,0.56,0.9,2.47,0.56,0
Yann Karamoh,fr FRA,"MF,FW",Torino,24-285,1998,5,1,0.4,0.6,0.4,0,0,1,0.4,0
Rade Krunić,ba BIH,"MF,FW",Milan,29-194,1993,12.1,2.48,1.82,1.16,1.07,0.25,1.07,3.55,1.32,0
Marcin Listkowski,pl POL,"MF,FW",Lecce,25-068,1998,0.9,0,0,0,0,0,3.33,3.33,2.22,0
Ruslan Malinovskyi,ua UKR,"MF,FW",Atalanta,29-350,1993,6.1,2.3,1.31,0.82,0.98,0.49,0.82,3.11,0.33,0
Fabio Miretti,it ITA,"MF,FW",Juventus,19-259,2003,10.8,1.67,0.65,1.02,0.46,0.19,0.19,1.85,0.93,0
Cyril Ngonge,be BEL,"MF,FW",Hellas Verona,22-328,2000,4.2,1.19,0.48,0.24,0.48,0.48,0.48,1.67,0.48,0
Mario Pašalić,hr CRO,"MF,FW",Atalanta,28-069,1995,14.2,1.41,0.63,0.42,0.85,0.14,0.99,2.39,0.63,0
Marko Pjaca,hr CRO,"MF,FW",Empoli,27-348,1995,5.1,0.39,0.2,0.2,0.2,0,0.2,0.59,0,0
Nemanja Radonjić,rs SRB,"MF,FW",Torino,27-063,1996,15.5,0.13,0.06,0.13,0,0,0.13,0.26,0.26,0
Diego Valencia,cl CHI,"MF,FW",Salernitana,23-095,2000,2.6,3.08,1.92,1.54,0.77,0.77,0.38,3.46,0.77,0
Mattia Valoti,it ITA,"MF,FW",Monza,29-225,1993,3.9,3.33,1.79,1.03,2.05,0.26,0.77,4.1,1.03,0
Emanuel Vignato,it ITA,"MF,FW",Bologna,22-238,2000,2.7,1.48,1.48,0.74,0.74,0,1.11,2.59,0,0
Nikola Vlašić,hr CRO,"MF,FW",Torino,25-197,1997,23.3,1.07,0.73,0.3,0.56,0.21,0.26,1.33,0.39,0
Lukáš Vorlický,cz CZE,"MF,FW",Atalanta,21-091,2002,0.3,0,0,0,0,0,3.33,3.33,0,0
Luca Zanimacchia,it ITA,"MF,FW",Cremonese,24-274,1998,8.3,2.53,1.57,1.33,0.72,0.48,1.08,3.61,0.6,0
Nicolò Zaniolo,it ITA,"MF,FW",Roma,23-291,1999,9.9,0.71,0.51,0.2,0.4,0.1,0.2,0.91,0,0
Filip Đuričić,rs SRB,"MF,FW",Sampdoria,31-079,1992,20.6,1.84,0.97,0.68,0.97,0.19,0.29,2.14,0.29,0
Tio Cipot,si SVN,"FW,DF",Spezia,19-364,2003,1,8,6,3,3,2,0,8,2,0
Emmanuel Gyasi,gh GHA,"FW,DF",Spezia,29-098,1994,24,0.58,0.33,0.25,0.29,0.04,0.33,0.92,0.83,0
Giorgos Kyriakopoulos,gr GRE,"FW,DF",Sassuolo,27-073,1996,8.5,2.47,0.94,0.82,1.06,0.59,1.29,3.76,1.41,0.12
Junior Messias,br BRA,"FW,DF",Milan,31-341,1991,12.6,1.51,1.19,0.56,0.63,0.32,0.48,1.98,1.75,0
Alexis Saelemaekers,be BEL,"FW,DF",Milan,23-296,1999,11.6,2.33,1.55,1.03,1.12,0.17,1.12,3.45,0.78,0
Karim Zedadka,fr FRA,"FW,DF",Napoli,22-314,2000,0.1,0,0,0,0,0,0,0,0,0
Oliver Abildgaard,dk DEN,MF,Hellas Verona,26-313,1996,1.9,2.11,1.58,1.05,0.53,0.53,0.53,2.63,3.16,0
Christian Acella,it ITA,MF,Cremonese,20-286,2002,0.2,5,0,5,0,0,0,5,0,0
Jean-Daniel Akpa-Akpro,ci CIV,MF,Empoli,30-190,1992,10.7,3.46,2.62,1.68,1.31,0.47,1.12,4.58,2.15,0
Luis Alberto,es ESP,MF,Lazio,30-203,1992,19.1,1.73,0.94,0.73,0.68,0.31,0.37,2.09,0.16,0
Sofyan Amrabat,ma MAR,MF,Fiorentina,26-241,1996,18.7,1.6,0.96,0.7,0.59,0.32,1.02,2.62,0.8,0.11
Marcos Antônio,br BRA,MF,Lazio,22-310,2000,3.6,1.39,1.11,0.83,0.56,0,0.83,2.22,3.06,0
Tolgay Arslan,de GER,MF,Udinese,32-246,1990,10.6,1.98,1.13,0.85,1.04,0.09,0.66,2.64,0.85,0
Santiago Ascacíbar,ar ARG,MF,Cremonese,26-053,1997,8.1,3.58,1.73,2.1,1.23,0.25,1.6,5.19,1.36,0
Kristoffer Askildsen,no NOR,MF,Lecce,22-100,2001,7,1,0.43,0.29,0.43,0.29,1.57,2.57,0.86,0
Kristjan Asllani,al ALB,MF,Inter,21-041,2002,4.9,1.63,0.82,0.2,1.02,0.41,1.02,2.65,0.61,0
Tiemoué Bakayoko,fr FRA,MF,Milan,28-245,1994,0.5,10,10,8,2,0,0,10,0,2
Tommaso Baldanzi,it ITA,MF,Empoli,20-027,2003,15.5,1.16,0.58,0.45,0.65,0.06,0.13,1.29,0.26,0
Filippo Bandinelli,it ITA,MF,Empoli,28-021,1995,21.8,2.2,1.33,0.78,1.06,0.37,0.5,2.71,1.61,0
Antonín Barák,cz CZE,MF,Hellas Verona,28-137,1994,0.3,0,0,0,0,0,0,0,0,0
Antonín Barák,cz CZE,MF,Fiorentina,28-137,1994,15.7,1.21,0.57,0.32,0.32,0.57,0.19,1.4,0.64,0
Andrea Barberis,it ITA,MF,Monza,29-129,1993,3.8,1.84,0.53,1.05,0.79,0,2.11,3.95,0.26,0
Nicolò Barella,it ITA,MF,Inter,26-071,1997,25.1,1.55,0.8,0.56,0.8,0.2,0.36,1.91,0.4,0
Enzo Barrenechea,ar ARG,MF,Juventus,21-332,2001,1.8,4.44,1.67,1.67,2.22,0.56,1.11,5.56,1.67,0
Toma Bašić,hr CRO,MF,Lazio,26-145,1996,5,1,0.6,0.6,0.2,0.2,1.4,2.4,1.6,0
Julius Beck,dk DEN,MF,Spezia,17-357,2005,0.1,20,10,10,10,0,0,20,0,0
Marco Benassi,it ITA,MF,Cremonese,28-223,1994,8.5,2.24,1.41,0.82,0.71,0.71,1.06,3.29,1.06,0
Ismaël Bennacer,dz ALG,MF,Milan,25-139,1997,19.6,2.76,1.48,1.17,1.48,0.1,1.22,3.98,0.77,0.05
Alessandro Bianco,it ITA,MF,Fiorentina,20-200,2002,1.3,2.31,0.77,0.77,1.54,0,0,2.31,0,0
Kristijan Bistrović,hr CRO,MF,Lecce,25-010,1998,5.1,0.59,0.2,0.59,0,0,0,0.59,0.78,0
Alexis Blin,fr FRA,MF,Lecce,26-215,1996,19.6,2.76,1.43,1.07,1.22,0.46,1.33,4.08,3.42,0
Emil Bohinen,no NOR,MF,Salernitana,24-038,1999,6.2,3.06,1.61,1.77,0.97,0.32,1.77,4.84,2.42,0
Giacomo Bonaventura,it ITA,MF,Fiorentina,33-240,1989,19.6,1.68,1.07,0.71,0.77,0.2,0.77,2.45,0.2,0.05
Warren Bondo,fr FRA,MF,Monza,19-216,2003,0.7,1.43,0,1.43,0,0,0,1.43,0,0
Mehdi Bourabia,ma MAR,MF,Spezia,31-255,1991,25.6,1.45,0.66,0.51,0.74,0.2,1.09,2.54,1.76,0
Edoardo Bove,it ITA,MF,Roma,20-338,2002,4.7,3.4,1.49,0.64,1.91,0.85,0.85,4.26,1.28,0
Jayden Braaf,nl NED,MF,Hellas Verona,20-231,2002,2.5,2,1.2,0.8,1.2,0,0.8,2.8,0,0
Marcelo Brozović,hr CRO,MF,Inter,30-154,1992,12.6,1.51,0.87,0.48,0.87,0.16,1.35,2.86,1.51,0
Hakan Çalhanoğlu,tr TUR,MF,Inter,29-070,1994,21.6,1.81,0.97,0.69,0.93,0.19,1.02,2.82,0.42,0.05
Mohamed Camara,gn GUI,MF,Roma,26-050,1997,4.6,2.17,1.96,0.65,1.3,0.22,1.52,3.7,0.87,0
Michele Castagnetti,it ITA,MF,Cremonese,33-113,1989,11.3,2.74,1.42,1.33,1.33,0.09,1.15,3.89,1.5,0
Gaetano Castrovilli,it ITA,MF,Fiorentina,26-061,1997,3.8,1.84,1.32,0,1.32,0.53,0.79,2.63,0.53,0
Danilo Cataldi,it ITA,MF,Lazio,28-256,1994,20.6,1.12,0.68,0.29,0.68,0.15,1.17,2.28,1.55,0
Andrea Colpani,it ITA,MF,Monza,23-343,1999,7.7,1.82,1.17,0.78,0.65,0.39,0.39,2.21,0.39,0
Alessandro Cortinovis,it ITA,MF,Hellas Verona,22-084,2001,0.1,10,0,10,0,0,0,10,0,0
Lassana Coulibaly,ml MLI,MF,Salernitana,27-009,1996,24.6,2.56,1.46,1.26,1.06,0.24,0.65,3.21,0.93,0.08
Bryan Cristante,it ITA,MF,Roma,28-047,1995,26.1,3.68,2.03,1.8,1.57,0.31,0.42,4.1,1.46,0
Domen Črnigoj,si SVN,MF,Salernitana,27-152,1995,3.3,2.42,0.91,0,2.12,0.3,2.73,5.15,1.82,0
Mickaël Cuisance,fr FRA,MF,Sampdoria,23-246,1999,5.8,2.07,1.55,1.03,0.86,0.17,0.69,2.76,0.69,0
Duccio Degl'Innocenti,it ITA,MF,Empoli,19-356,2003,0,0,0,0,0,0,1,1,0,0
Diego Demme,de GER,MF,Napoli,31-149,1991,1,1,0,1,0,0,0,1,1,0
Brahim Díaz,es ESP,MF,Milan,23-259,1999,15.7,1.46,0.7,0.25,1.02,0.19,0.32,1.78,0.32,0
Nicolás Domínguez,ar ARG,MF,Bologna,24-295,1998,19.3,3.06,1.97,1.4,1.24,0.41,0.78,3.83,1.19,0.05
Ondrej Duda,sk SVK,MF,Hellas Verona,28-135,1994,9.7,2.06,1.34,0.72,1.13,0.21,1.13,3.2,0.62,0
Alfred Duncan,gh GHA,MF,Fiorentina,30-040,1993,6.9,1.74,1.01,0,1.74,0,0.58,2.32,0.87,0
Éderson,br BRA,MF,Atalanta,23-286,1999,19.1,3.09,1.62,0.89,1.88,0.31,1.52,4.61,1.05,0
Albin Ekdal,se SWE,MF,Spezia,33-265,1989,13.4,2.16,1.27,0.82,1.19,0.15,1.42,3.58,2.46,0
Gonzalo Escalante,ar ARG,MF,Cremonese,30-023,1993,6.2,2.58,1.29,1.29,1.29,0,1.61,4.19,0.65,0
Salvatore Esposito,it ITA,MF,Spezia,22-194,2000,3.6,1.67,1.67,0.83,0.83,0,1.39,3.06,1.94,0
Nicolò Fagioli,it ITA,MF,Juventus,22-066,2001,13.3,1.58,1.05,0.68,0.75,0.15,0.6,2.18,0.45,0.08
Jacopo Fazzini,it ITA,MF,Empoli,20-034,2003,6.5,3.85,2.15,2.46,1.08,0.31,1.08,4.92,2.77,0
Lewis Ferguson,sct SCO,MF,Bologna,23-238,1999,19.7,1.73,1.07,0.71,0.81,0.2,0.81,2.54,0.96,0
Davide Frattesi,it ITA,MF,Sassuolo,23-179,1999,26.8,1.9,1.01,0.71,0.97,0.22,0.45,2.35,1.42,0
Gianluca Gaetano,it ITA,MF,Napoli,22-349,2000,0.4,7.5,5,2.5,5,0,0,7.5,0,0
Roberto Gagliardini,it ITA,MF,Inter,29-012,1994,4.9,2.86,1.02,1.43,1.22,0.2,0.2,3.06,1.63,0
Gvidas Gineitis,lt LTU,MF,Torino,19-004,2004,1.5,2,0.67,0,1.33,0.67,0,2,0.67,0
Joan Gonzàlez,es ESP,MF,Lecce,21-077,2002,22.5,2.04,1.2,0.89,0.76,0.4,0.62,2.67,1.2,0
Alberto Grassi,it ITA,MF,Empoli,28-043,1995,6.7,2.69,2.39,1.34,1.34,0,2.84,5.52,4.33,0
Nicolas Haas,ch SUI,MF,Empoli,27-086,1996,11,2.09,1,1.09,0.55,0.45,0.64,2.73,2,0
Abdou Harroui,nl NED,MF,Sassuolo,25-096,1998,4.9,3.06,1.02,1.02,1.22,0.82,0.2,3.27,1.84,0
Liam Henderson,sct SCO,MF,Empoli,26-359,1996,8.8,1.02,0.91,0.45,0.45,0.11,1.02,2.05,0.91,0
Matheus Henrique,br BRA,MF,Sassuolo,25-121,1997,15.1,0.99,0.6,0.46,0.33,0.2,0.66,1.66,0.46,0
Morten Hjulmand,dk DEN,MF,Lecce,23-298,1999,26.6,2.82,1.62,1.54,1.28,0,2.33,5.15,1.8,0
Martin Hongla,cm CMR,MF,Hellas Verona,25-034,1998,5.8,1.38,0.86,0.69,0.69,0,1.03,2.41,1.55,0
Ajdin Hrustic,au AUS,MF,Hellas Verona,26-288,1996,2.5,0.8,0.4,0.4,0.4,0,0,0.8,0.8,0.4
Ivan Ilić,rs SRB,MF,Hellas Verona,22-033,2001,9.5,1.68,1.05,0.95,0.74,0,0.84,2.53,1.47,0
Ivan Ilić,rs SRB,MF,Torino,22-033,2001,5.4,1.11,0.56,0.37,0.56,0.19,0.56,1.67,0.74,0
Emirhan İlkhan,tr TUR,MF,Torino,18-322,2004,1,1,1,0,1,0,2,3,2,0
Emirhan İlkhan,tr TUR,MF,Sampdoria,18-322,2004,0.5,4,2,2,0,2,0,4,2,0
Mato Jajalo,ba BIH,MF,Udinese,34-329,1988,0.7,0,0,0,0,0,0,0,2.86,0
Þórir Jóhann Helgason,is ISL,MF,Lecce,22-203,2000,2.4,0.83,0.83,0.42,0,0.42,1.25,2.08,1.25,0
Teun Koopmeiners,nl NED,MF,Atalanta,25-050,1998,23.8,1.43,0.8,0.46,0.76,0.21,0.71,2.14,1.3,0.04
Viktor Kovalenko,ua UKR,MF,Spezia,27-064,1996,5.3,1.7,0.94,0.19,1.13,0.38,0.57,2.26,1.32,0
Karol Linetty,pl POL,MF,Torino,28-076,1995,18.8,1.65,0.85,0.37,1.12,0.16,0.85,2.5,1.33,0
Stanislav Lobotka,sk SVK,MF,Napoli,28-145,1994,27.1,2.51,1.29,1.14,1,0.37,0.55,3.06,0.48,0
Manuel Locatelli,it ITA,MF,Juventus,25-101,1998,21.6,2.18,1.16,0.93,0.97,0.28,1.11,3.29,2.22,0
Maxime Lopez,fr FRA,MF,Sassuolo,25-136,1997,19.8,1.87,0.81,1.16,0.51,0.2,1.01,2.88,0.96,0
Sandi Lovrić,si SVN,MF,Udinese,25-022,1998,18.9,1.9,0.79,0.69,0.85,0.37,0.95,2.86,0.85,0
Saša Lukić,rs SRB,MF,Torino,26-249,1996,13.3,1.58,1.05,0.75,0.75,0.08,0.98,2.56,0.75,0
Giulio Maggiore,it ITA,MF,Salernitana,25-038,1998,8.4,2.02,0.83,1.07,0.6,0.36,0.95,2.98,0.95,0
Jean-Victor Makengo,fr FRA,MF,Udinese,24-311,1998,8.9,1.8,1.46,0.79,0.79,0.22,1.01,2.81,0.34,0
Youssef Maleh,it ITA,MF,Fiorentina,24-240,1998,3.3,0.91,0.3,0,0.91,0,0.3,1.21,0.91,0
Youssef Maleh,it ITA,MF,Lecce,24-240,1998,6,2.5,1,0.5,0.83,1.17,0.67,3.17,1.17,0
Rolando Mandragora,it ITA,MF,Fiorentina,25-294,1997,17.7,1.98,1.07,0.56,1.13,0.28,0.73,2.71,1.19,0
Răzvan Marin,ro ROU,MF,Empoli,26-331,1996,23.3,1.76,0.94,0.94,0.77,0.04,0.52,2.27,1.2,0
Nemanja Matić,rs SRB,MF,Roma,34-261,1988,17.3,2.31,1.27,1.16,0.92,0.23,1.33,3.64,1.16,0.06
Soualiho Meïté,fr FRA,MF,Cremonese,29-033,1994,18.3,1.91,1.26,0.98,0.6,0.33,1.04,2.95,1.42,0
Tommaso Milanese,it ITA,MF,Cremonese,20-262,2002,0.3,0,0,0,0,0,0,0,0,0
Sergej Milinković-Savić,rs SRB,MF,Lazio,28-051,1995,26.3,1.67,1.03,0.68,0.68,0.3,0.87,2.55,1.33,0
Aleksei Miranchuk,ru RUS,MF,Torino,27-184,1995,18.8,0.43,0.21,0.05,0.21,0.16,0.05,0.48,0.16,0
Henrikh Mkhitaryan,am ARM,MF,Inter,34-088,1989,19.8,1.82,1.21,0.51,1.06,0.25,0.86,2.68,0.81,0
Nikola Moro,hr CRO,MF,Bologna,25-038,1998,9.6,2.71,1.77,0.83,1.35,0.52,0.52,3.23,1.25,0
Herculano Nabian,pt POR,MF,Empoli,19-084,2004,0,0,0,0,0,0,0,0,0,0
Tanguy Ndombele,fr FRA,MF,Napoli,26-112,1996,7.5,1.6,0.8,0.53,0.93,0.13,0.8,2.4,0.93,0.13
Hans Nicolussi Caviglia,it ITA,MF,Salernitana,22-305,2000,6,2.33,1,0.83,1.17,0.33,1.17,3.5,1.17,0.17
Pedro Obiang,gq EQG,MF,Sassuolo,31-023,1992,7.8,3.21,2.05,1.41,1.54,0.26,0.9,4.1,1.67,0
Simone Pafundi,it ITA,MF,Udinese,17-064,2006,0.7,8.57,5.71,1.43,5.71,1.43,1.43,10,0,0
Flavio Paoletti,it ITA,MF,Sampdoria,20-093,2003,1.4,1.43,1.43,0,1.43,0,2.86,4.29,4.29,0
Leandro Paredes,ar ARG,MF,Juventus,28-294,1994,7.9,2.03,1.27,0.76,1.14,0.13,1.52,3.54,2.15,0
Lorenzo Pellegrini,it ITA,MF,Roma,26-304,1996,22.5,1.96,1.11,0.93,0.89,0.13,0.98,2.93,0.76,0
Pepín,gq EQG,MF,Monza,26-248,1996,10.9,2.02,1.28,0.73,0.73,0.55,1.01,3.03,1.19,0
Matteo Pessina,it ITA,MF,Monza,25-363,1997,24.9,1.77,1.12,0.76,0.76,0.24,1.16,2.93,0.92,0.04
Charles Pickel,ch SUI,MF,Cremonese,25-339,1997,23,2.09,0.87,0.96,0.96,0.17,0.91,3,1.35,0.04
Tommaso Pobega,it ITA,MF,Milan,23-278,1999,8.4,2.38,1.31,0.6,1.31,0.48,0.95,3.33,0.95,0
Niklas Pyyhtiä,fi FIN,MF,Bologna,19-206,2003,0.7,1.43,0,0,1.43,0,1.43,2.86,2.86,0
Adrien Rabiot,fr FRA,MF,Juventus,28-016,1995,23.5,1.96,1.11,0.89,0.77,0.3,0.89,2.85,1.4,0.04
Filippo Ranocchia,it ITA,MF,Monza,21-340,2001,5.9,1.86,1.02,0.85,0.68,0.34,0.68,2.54,1.19,0
Franck Ribéry,fr FRA,MF,Salernitana,40-012,1983,0.4,0,0,0,0,0,0,0,0,0
Samuele Ricci,it ITA,MF,Torino,21-241,2001,16.9,1.36,0.83,0.59,0.47,0.3,0.77,2.13,1.18,0.06
Tomás Rincón,ve VEN,MF,Sampdoria,35-096,1988,21.1,2.13,1.09,0.71,1.09,0.33,1.09,3.22,0.66,0
Marten de Roon,nl NED,MF,Atalanta,32-021,1991,24.9,2.13,1,1.08,0.92,0.12,1.16,3.29,1.97,0
Nicolò Rovella,it ITA,MF,Monza,21-136,2001,13.7,2.26,1.68,1.24,0.95,0.07,2.34,4.6,0.8,0
Nicolò Rovella,it ITA,MF,Juventus,21-136,2001,0.3,3.33,3.33,0,3.33,0,0,3.33,0,0
Abdelhamid Sabiri,ma MAR,MF,Sampdoria,26-142,1996,11.7,1.45,0.6,0.43,0.68,0.34,0.17,1.62,0.43,0
Jacopo Sala,it ITA,MF,Spezia,31-135,1991,1.2,0.83,0,0.83,0,0,0.83,1.67,1.67,0
Lazar Samardzic,rs SRB,MF,Udinese,21-054,2002,14.1,1.7,0.85,0.5,0.92,0.28,0.64,2.34,0.71,0
Jerdy Schouten,nl NED,MF,Bologna,26-097,1997,21.2,2.31,1.42,1.08,1.13,0.09,1.7,4.01,1.89,0.05
Stefano Sensi,it ITA,MF,Monza,27-257,1995,16.4,2.38,1.52,1.46,0.73,0.18,0.98,3.35,0.18,0
Ibrahim Sulemana,gh GHA,MF,Hellas Verona,19-332,2003,4,2.75,1.75,1.5,1,0.25,1.75,4.5,2,0
Benjamin Tahirovic,ba BIH,MF,Roma,20-047,2003,1.5,1.33,1.33,1.33,0,0,1.33,2.67,0.67,0
Adrien Tameze,cm CMR,MF,Hellas Verona,29-074,1994,26.3,1.56,0.91,0.68,0.72,0.15,1.1,2.66,1.83,0.08
Kristian Thorstvedt,no NOR,MF,Sassuolo,24-037,1999,11.2,1.25,0.63,0.36,0.71,0.18,1.07,2.32,1.16,0
Sandro Tonali,it ITA,MF,Milan,22-346,2000,23.4,2.22,1.45,1.2,0.81,0.21,0.94,3.16,0.73,0.04
Matías Vecino,uy URU,MF,Lazio,31-238,1991,14.5,2.62,1.59,0.69,1.38,0.55,0.9,3.52,2.07,0
Miguel Veloso,pt POR,MF,Hellas Verona,36-343,1986,11.3,2.12,0.62,1.42,0.62,0.09,0.44,2.57,0.97,0
Simone Verdi,it ITA,MF,Hellas Verona,30-281,1992,7.9,1.52,0.89,0.76,0.38,0.38,0,1.52,0.25,0
Valerio Verre,it ITA,MF,Sampdoria,29-098,1994,7.5,1.87,0.93,0.8,0.67,0.4,1.2,3.07,0.4,0
Ronaldo Vieira,gw GNB,MF,Torino,24-274,1998,0.2,,0,,,,0,,,
Ronaldo Vieira,gw GNB,MF,Sampdoria,24-274,1998,9.1,,1.1,,,,1.43,,,
Tonny Vilhena,nl NED,MF,Salernitana,28-106,1995,20.3,1.82,0.94,0.54,1.08,0.2,0.64,2.46,0.84,0
Gonzalo Villar,es ESP,MF,Sampdoria,25-027,1998,7.7,1.69,0.91,0.52,1.04,0.13,0.52,2.21,1.17,0.13
Cristian Volpato,it ITA,MF,Roma,19-155,2003,2.3,1.3,0.87,0.43,0.43,0.43,0.87,2.17,0,0
Aster Vranckx,be BEL,MF,Milan,20-197,2002,1.8,1.11,1.11,0,0.56,0.56,1.11,2.22,0.56,0
Walace,br BRA,MF,Udinese,28-015,1995,28.1,2.49,1.25,1.21,1.03,0.25,1.53,4.02,1.42,0
Georginio Wijnaldum,nl NED,MF,Roma,32-159,1990,6.5,0.31,0.15,0,0.31,0,0.31,0.62,0.31,0
Harry Winks,eng ENG,MF,Sampdoria,27-076,1996,12.3,1.38,0.81,0.24,0.98,0.16,1.14,2.52,1.22,0
Gerard Yepes,es ESP,MF,Sampdoria,20-237,2002,2.2,2.27,1.36,0.91,1.36,0,1.82,4.09,1.36,0
Denis Zakaria,ch SUI,MF,Juventus,26-150,1996,1.4,4.29,2.14,0.71,2.86,0.71,1.43,5.71,0.71,0
Andre-Frank Zambo Anguissa,cm CMR,MF,Napoli,27-154,1995,26.3,1.75,1.06,0.57,0.91,0.27,1.29,3.04,0.76,0
Piotr Zieliński,pl POL,MF,Napoli,28-334,1994,20.1,0.65,0.4,0.05,0.45,0.15,0.7,1.34,0.3,0
Szymon Żurkowski,pl POL,MF,Fiorentina,25-206,1997,0.4,0,0,0,0,0,0,0,0,0
Szymon Żurkowski,pl POL,MF,Spezia,25-206,1997,2.7,2.22,1.11,0.37,1.48,0.37,1.48,3.7,2.22,0
Juan Cuadrado,co COL,"DF,FW",Juventus,34-328,1988,16.5,2.24,1.45,1.52,0.67,0.06,0.97,3.21,1.33,0
Marco D'Alessandro,it ITA,"DF,FW",Monza,32-061,1991,3.2,1.25,1.25,0.94,0.31,0,0.31,1.56,0.94,0
Samuel Iling-Junior,eng ENG,"DF,FW",Juventus,19-197,2003,1.3,1.54,0.77,0.77,0,0.77,0.77,2.31,2.31,0
Filip Kostić,rs SRB,"DF,FW",Juventus,30-169,1992,23.9,1.55,0.96,0.59,0.79,0.17,0.5,2.05,0.92,0
Giorgos Kyriakopoulos,gr GRE,"DF,FW",Bologna,27-073,1996,6.1,1.97,0.82,0.66,0.82,0.49,0.49,2.46,0.98,0
João Moutinho,pt POR,"DF,FW",Spezia,25-097,1998,0.6,11.7,1.67,8.33,1.67,1.67,0,11.7,0,0
Simone Bastoni,it ITA,"MF,DF",Spezia,26-165,1996,11,3.55,1.73,1.64,1.45,0.45,0.73,4.27,0.91,0
Valentin Carboni,it ITA,"MF,DF",Inter,18-045,2005,0.3,3.33,3.33,0,3.33,0,0,3.33,0,0
Mikael Ellertsson,is ISL,"MF,DF",Spezia,21-039,2002,1.9,2.11,1.05,0.53,1.58,0,1.05,3.16,0,0
Pablo Galdames Millán,cl CHI,"MF,DF",Cremonese,26-110,1996,3,3,2,2,0.33,0.67,1.33,4.33,1.33,0
Grigoris Kastanos,cy CYP,"MF,DF",Salernitana,25-079,1998,8.5,2.94,1.88,1.18,1.53,0.24,0.82,3.76,0.59,0
Darko Lazović,rs SRB,"MF,DF",Hellas Verona,32-216,1990,19.9,1.06,0.6,0.4,0.5,0.15,0.6,1.66,0.95,0
Mehdi Léris,dz ALG,"MF,DF",Sampdoria,24-331,1998,23,2.39,1.78,1.17,0.87,0.35,1.04,3.43,1.17,0
Weston McKennie,us USA,"MF,DF",Juventus,24-234,1998,11.7,1.2,0.43,0.26,0.77,0.17,0.94,2.14,1.28,0.09
Gary Medel,cl CHI,"MF,DF",Bologna,35-259,1987,15.1,1.59,0.99,0.99,0.46,0.13,1.72,3.31,2.19,0
Michel Ndary Adopo,fr FRA,"MF,DF",Torino,22-274,2000,2.8,2.14,0.71,1.07,0.71,0.36,0.36,2.5,1.43,0
Paul Pogba,fr FRA,"MF,DF",Juventus,30-035,1993,0.5,0,0,0,0,0,0,0,0,0
Ignacio Pussetto,ar ARG,"MF,DF",Sampdoria,27-119,1995,1.7,3.53,1.76,1.18,1.76,0.59,0,3.53,1.76,0
Ivan Radovanović,rs SRB,"MF,DF",Salernitana,34-233,1988,7.5,1.6,0.53,1.07,0.53,0,0.93,2.53,1.2,0.13
Matìas Soulé,ar ARG,"MF,DF",Juventus,20-004,2003,3.6,1.11,0.83,0.28,0.28,0.56,0.83,1.94,0.28,0
Ethan Ampadu,wls WAL,"DF,MF",Spezia,22-217,2000,23,2.35,1.3,1.04,1.09,0.22,1.22,3.57,3.3,0
Raoul Bellanova,it ITA,"DF,MF",Inter,22-337,2000,2.2,2.73,1.36,1.82,0.45,0.45,1.36,4.09,2.27,0
Antonio Candreva,it ITA,"DF,MF",Salernitana,36-050,1987,25.8,0.43,0.12,0.39,0,0.04,0.62,1.05,1.09,0
Federico Chiesa,it ITA,"DF,MF",Juventus,25-176,1997,5,2.8,1,1,1,0.8,0,2.8,0.2,0
Patrick Ciurria,it ITA,"DF,MF",Monza,28-069,1995,22.8,1.1,0.61,0.7,0.35,0.04,0.13,1.23,1.1,0
Fabio Depaoli,it ITA,"DF,MF",Sampdoria,25-360,1997,1.5,3.33,2,1.33,2,0,0.67,4,2.67,0
Koray Günter,de GER,"DF,MF",Sampdoria,28-246,1994,2.6,1.92,1.54,1.15,0.77,0,1.15,3.08,6.15,0
Lorenzo Malagrida,it ITA,"DF,MF",Sampdoria,19-177,2003,0.6,1.67,0,0,0,1.67,0,1.67,1.67,0
Joakim Mæhle,dk DEN,"DF,MF",Atalanta,25-334,1997,17.7,1.3,0.68,0.51,0.28,0.51,0.9,2.2,1.02,0
Roberto Pereyra,ar ARG,"DF,MF",Udinese,32-102,1991,23.5,1.36,0.81,0.72,0.51,0.13,0.6,1.96,0.94,0
Matteo Ruggeri,it ITA,"DF,MF",Atalanta,20-282,2002,9.2,1.85,1.3,0.54,0.98,0.33,1.3,3.15,1.74,0
Stephan El Shaarawy,it ITA,"DF,MF",Roma,30-174,1992,12.9,1.16,0.62,0.47,0.54,0.16,1.09,2.25,0.7,0
Filippo Terracciano,it ITA,"DF,MF",Hellas Verona,20-070,2003,7.2,1.81,1.25,0.97,0.56,0.28,1.11,2.92,1.53,0
Nadir Zortea,it ITA,"DF,MF",Atalanta,23-304,1999,2.5,4,2,1.2,2.8,0,0,4,1.6,0
James Abankwah,ie IRL,DF,Udinese,19-093,2004,0.1,10,10,0,10,0,0,10,0,0
Francesco Acerbi,it ITA,DF,Inter,35-068,1988,20.3,1.33,0.74,0.84,0.3,0.2,1.43,2.76,2.91,0
Ola Aina,ng NGA,DF,Torino,26-193,1996,9,1.67,1.22,0.56,0.78,0.33,1,2.67,2.89,0
Emanuel Aiwum,at AUT,DF,Cremonese,22-115,2000,15.9,2.96,1.76,1.76,1.07,0.13,1.51,4.47,3.14,0.13
Kelvin Amian,fr FRA,DF,Spezia,25-070,1998,19.7,2.13,1.32,1.22,0.51,0.41,1.07,3.2,3.25,0.05
Bruno Amione,ar ARG,DF,Hellas Verona,21-106,2002,0.6,1.67,1.67,1.67,0,0,0,1.67,6.67,0
Bruno Amione,ar ARG,DF,Sampdoria,21-106,2002,17.8,2.42,1.57,1.69,0.73,0,1.18,3.6,2.58,0.06
Valentin Antov,bg BUL,DF,Monza,22-161,2000,3.2,1.88,1.56,0.94,0.94,0,0.63,2.5,3.13,0.31
Tommaso Augello,it ITA,DF,Sampdoria,28-232,1994,26,0.58,0.46,0.42,0.08,0.08,0.38,0.96,1.73,0.04
Kaan Ayhan,tr TUR,DF,Sassuolo,28-160,1994,6.1,1.64,0.66,0.98,0.66,0,0.82,2.46,4.26,0.16
Jaime Báez,uy URU,DF,Cremonese,27-359,1995,1.1,3.64,1.82,2.73,0,0.91,0,3.64,1.82,0.91
Fodé Ballo-Touré,sn SEN,DF,Milan,26-106,1997,4.2,2.62,1.43,1.43,1.19,0,0.24,2.86,0.71,0
Tommaso Barbieri,it ITA,DF,Juventus,20-236,2002,0.6,3.33,3.33,3.33,0,0,0,3.33,3.33,0
Federico Baschirotto,it ITA,DF,Lecce,26-211,1996,29,0.97,0.72,0.86,0.1,0,1.14,2.1,5.34,0
Alessandro Bastoni,it ITA,DF,Inter,24-006,1999,19.8,1.87,0.91,0.91,0.61,0.35,1.01,2.88,1.77,0
Brian Bayeye,fr FRA,DF,Torino,22-293,2000,0.6,5,0,5,0,0,1.67,6.67,3.33,0
Rodrigo Becão,br BRA,DF,Udinese,27-090,1996,22.7,2.73,1.32,2.03,0.57,0.13,0.79,3.52,2.51,0.04
Marco Benassi,it ITA,DF,Fiorentina,28-223,1994,1,3,3,2,0,1,1,4,1,0
Bartosz Bereszyński,pl POL,DF,Sampdoria,30-281,1992,13.3,2.11,1.35,1.13,0.83,0.15,1.58,3.68,1.88,0
Matteo Bianchetti,it ITA,DF,Cremonese,30-033,1993,20.8,1.54,0.91,1.01,0.43,0.1,0.77,2.31,4.95,0
Jaka Bijol,si SVN,DF,Udinese,24-073,1999,23.4,1.07,0.64,0.85,0.21,0,1.03,2.09,5.94,0
Cristiano Biraghi,it ITA,DF,Fiorentina,30-230,1992,24.2,2.23,1.32,1.07,0.99,0.17,0.54,2.77,1.61,0.04
Samuele Birindelli,it ITA,DF,Monza,23-274,1999,12.7,1.97,1.02,1.18,0.63,0.16,1.1,3.07,1.89,0
Kevin Bonifazi,it ITA,DF,Bologna,26-335,1996,4.6,1.3,0.87,0.87,0.43,0,1.3,2.61,4.57,0
Leonardo Bonucci,it ITA,DF,Juventus,35-353,1987,7.7,0.65,0.52,0.13,0.52,0,1.17,1.82,3.12,0
Domagoj Bradarić,hr CRO,DF,Salernitana,23-130,1999,20.1,0.85,0.6,0.45,0.3,0.1,0.9,1.74,1.69,0
Gleison Bremer,br BRA,DF,Juventus,26-032,1997,25.4,0.98,0.63,0.79,0.16,0.04,1.38,2.36,4.33,0.08
Dylan Bronn,tn TUN,DF,Salernitana,27-304,1995,16.3,1.9,0.98,1.04,0.8,0.06,1.1,3.01,3.01,0.06
Alessandro Buongiorno,it ITA,DF,Torino,23-317,1999,22.2,1.26,0.77,0.77,0.5,0,2.03,3.29,3.29,0.09
Juan Cabal,co COL,DF,Hellas Verona,22-101,2001,1.9,1.58,1.58,1.58,0,0,1.58,3.16,2.63,0
Liberato Cacace,nz NZL,DF,Empoli,22-204,2000,4.4,4.32,1.59,2.27,1.36,0.68,0.91,5.23,2.5,0
Davide Calabria,it ITA,DF,Milan,26-134,1996,13.3,4.14,2.33,1.88,1.8,0.45,1.5,5.64,2.03,0
Mattia Caldara,it ITA,DF,Spezia,28-349,1994,13.9,1.65,1.01,0.72,0.79,0.14,1.15,2.81,6.33,0.14
Luca Caldirola,it ITA,DF,Monza,32-077,1991,19.8,0.91,0.4,0.56,0.2,0.15,0.96,1.87,2.37,0
Andrea Cambiaso,it ITA,DF,Bologna,23-058,2000,18,2.33,1.33,1.28,0.94,0.11,1.17,3.5,1.5,0.06
Andrea Carboni,it ITA,DF,Monza,22-074,2001,1.9,1.58,1.05,1.05,0,0.53,1.58,3.16,1.05,0.53
Franco Carboni,it ITA,DF,Monza,20-015,2003,0.6,1.67,1.67,1.67,0,0,1.67,3.33,0,0
Carlos,br BRA,DF,Monza,24-102,1999,26.3,1.83,1.03,1.06,0.53,0.23,0.65,2.47,2.4,0.04
Nicolò Casale,it ITA,DF,Lazio,25-064,1998,20.6,1.7,0.83,1.02,0.68,0,0.63,2.33,2.57,0
Tommaso Cassandro,it ITA,DF,Lecce,23-100,2000,0.1,10,10,0,10,0,0,10,0,0
Pietro Ceccaroni,it ITA,DF,Lecce,27-119,1995,0.3,0,0,0,0,0,10,10,3.33,0
Federico Ceccherini,it ITA,DF,Hellas Verona,30-343,1992,13.4,1.49,1.12,0.82,0.6,0.07,1.12,2.61,3.51,0
Zeki Çelik,tr TUR,DF,Roma,26-061,1997,12.1,2.73,1.32,1.32,1.24,0.17,1.07,3.8,2.48,0.08
Vlad Chiricheș,ro ROU,DF,Cremonese,33-156,1989,8.1,3.33,1.85,2.47,0.74,0.12,1.98,5.31,3.7,0
Omar Colley,gm GAM,DF,Sampdoria,30-177,1992,15.4,1.1,0.65,0.65,0.45,0,1.43,2.53,4.48,0.06
Andrea Conti,it ITA,DF,Sampdoria,29-048,1994,0.3,0,0,0,0,0,0,0,0,0
Diego Coppola,it ITA,DF,Hellas Verona,19-112,2003,11.7,1.79,1.28,1.03,0.77,0,1.11,2.91,2.91,0
Danilo D'Ambrosio,it ITA,DF,Inter,34-222,1988,3.1,4.19,2.26,3.23,0.65,0.32,1.94,6.13,2.26,0
Flavius Daniliuc,at AUT,DF,Salernitana,21-357,2001,19.1,2.36,1.2,1.57,0.68,0.1,1.2,3.56,3.61,0
Danilo,br BRA,DF,Juventus,31-278,1991,28.4,2.32,1.48,1.55,0.6,0.18,1.27,3.59,3.24,0.04
Matteo Darmian,it ITA,DF,Inter,33-138,1989,18.9,2.43,1.32,1.16,0.63,0.63,1.01,3.44,1.48,0
Paweł Dawidowicz,pl POL,DF,Hellas Verona,27-334,1995,14.6,2.88,1.85,1.71,0.96,0.21,1.23,4.11,3.56,0
Mattia De Sciglio,it ITA,DF,Juventus,30-181,1992,11.2,1.07,0.54,0.54,0.27,0.27,0.36,1.43,1.61,0
Lorenzo De Silvestri,it ITA,DF,Bologna,34-331,1988,6,0.33,0.33,0.17,0,0.17,0.33,0.67,2.83,0
Koni De Winter,be BEL,DF,Empoli,20-311,2002,11.4,1.23,0.79,0.96,0.26,0,0.53,1.75,5.7,0
Merih Demiral,tr TUR,DF,Atalanta,25-045,1998,16.6,2.35,1.63,1.75,0.6,0,1.33,3.67,3.31,0.06
Fabio Depaoli,it ITA,DF,Hellas Verona,25-360,1997,18.3,1.97,1.15,1.2,0.55,0.22,0.66,2.62,1.37,0.11
Kastriot Dermaku,al ALB,DF,Lecce,31-094,1992,0.4,0,0,0,0,0,0,0,0,0
Sergiño Dest,us USA,DF,Milan,22-167,2000,3.7,3.24,1.62,0.81,1.35,1.08,1.08,4.32,0.54,0
Giovanni Di Lorenzo,it ITA,DF,Napoli,29-258,1993,29.9,1.67,0.84,0.97,0.5,0.2,0.8,2.47,1.74,0
Federico Dimarco,it ITA,DF,Inter,25-160,1997,18.8,1.33,1.01,0.32,0.74,0.27,0.8,2.13,1.06,0
Koffi Djidji,ci CIV,DF,Torino,30-140,1992,21.7,1.89,0.97,1.29,0.55,0.05,1.29,3.18,2.81,0
Berat Djimsiti,al ALB,DF,Atalanta,30-059,1993,12.4,1.94,1.13,1.29,0.65,0,1.61,3.55,3.71,0.08
Dodô,br BRA,DF,Fiorentina,24-153,1998,21.5,1.49,0.84,0.7,0.56,0.23,1.02,2.51,1.58,0
Josh Doig,sct SCO,DF,Hellas Verona,20-336,2002,14.5,1.24,0.48,0.34,0.48,0.41,0.69,1.93,0.83,0.07
Giulio Donati,it ITA,DF,Monza,33-073,1990,4.4,0.91,0.23,0.23,0.23,0.45,0.91,1.82,1.82,0
Denzel Dumfries,nl NED,DF,Inter,27-001,1996,20.3,1.33,0.64,0.59,0.54,0.2,0.59,1.92,1.08,0
Festy Ebosele,ie IRL,DF,Udinese,20-260,2002,2.7,4.07,2.96,2.22,1.85,0,0.37,4.44,1.48,0
Enzo Ebosse,cm CMR,DF,Udinese,24-039,1999,10.3,1.46,0.87,1.07,0.39,0,1.07,2.52,2.82,0
Tyronne Ebuehi,ng NGA,DF,Empoli,27-124,1995,14.6,1.03,0.62,0.41,0.41,0.21,0.48,1.51,3.49,0.07
Kingsley Ehizibue,nl NED,DF,Udinese,27-329,1995,14.2,2.82,1.83,1.62,0.77,0.42,0.7,3.52,2.39,0.07
Martin Erlic,hr CRO,DF,Sassuolo,25-085,1998,20.9,0.96,0.48,0.67,0.24,0.05,1.24,2.2,4.64,0.05
Davide Faraoni,it ITA,DF,Hellas Verona,31-176,1991,11.2,1.96,1.25,0.89,0.89,0.18,0.8,2.77,2.05,0
Federico Fazio,ar ARG,DF,Salernitana,36-033,1987,11.9,1.26,1.01,0.67,0.59,0,2.35,3.61,5.13,0
Alex Ferrari,it ITA,DF,Sampdoria,28-292,1994,9.6,0.94,0.52,0.73,0.21,0,1.98,2.92,2.6,0
Alex Ferrari,it ITA,DF,Cremonese,28-292,1994,8.3,3.61,2.17,3.13,0.48,0,2.29,5.9,3.98,0.12
Salvador Ferrer,es ESP,DF,Spezia,25-088,1998,1.1,1.82,0.91,0,1.82,0,0.91,2.73,1.82,0
Alessandro Florenzi,it ITA,DF,Milan,32-039,1991,2.2,2.73,1.82,1.36,0.91,0.45,1.36,4.09,0.91,0
Matteo Gabbia,it ITA,DF,Milan,23-180,1999,6.8,2.5,1.47,1.76,0.74,0,0.74,3.24,4.26,0
Antonino Gallo,it ITA,DF,Lecce,23-104,2000,20.9,2.3,1.44,1.44,0.48,0.38,0.53,2.82,2.39,0
Federico Gatti,it ITA,DF,Juventus,24-299,1998,10,1,0.7,0.7,0.2,0.1,1.4,2.4,4,0.1
Valentin Gendrey,fr FRA,DF,Lecce,22-302,2000,28,2.61,1.61,1.71,0.64,0.25,1.21,3.82,2.54,0
Paolo Ghiglione,it ITA,DF,Cremonese,26-076,1997,6.8,1.91,1.32,1.32,0.44,0.15,0.59,2.5,1.62,0
Mario Gila,es ESP,DF,Lazio,22-233,2000,1,3,1,3,0,0,3,6,3,0
Robin Gosens,de GER,DF,Inter,28-288,1994,9.9,2.83,1.52,1.21,0.81,0.81,2.12,4.95,1.21,0
Andrew Gravillon,gp GLP,DF,Torino,25-070,1998,3.3,0.91,0.91,0,0.91,0,2.73,3.64,4.55,0
Koray Günter,de GER,DF,Hellas Verona,28-246,1994,11.1,0.9,0.54,0.09,0.72,0.09,2.7,3.6,4.14,0
Norbert Gyömbér,sk SVK,DF,Salernitana,30-290,1992,15.6,1.6,1.22,1.22,0.32,0.06,1.99,3.59,4.68,0
Hans Hateboer,nl NED,DF,Atalanta,29-100,1994,15.5,1.35,0.84,0.71,0.52,0.13,0.77,2.13,1.61,0
Jack Hendry,sct SCO,DF,Cremonese,27-347,1995,2.4,0,0,0,0,0,0.42,0.42,2.92,0
Theo Hernández,fr FRA,DF,Milan,25-195,1997,24.3,1.6,0.91,0.99,0.58,0.04,0.53,2.14,0.99,0.04
Isak Hien,se SWE,DF,Hellas Verona,24-096,1999,21.3,2.68,1.22,1.97,0.7,0,1.03,3.71,3.24,0.05
Emil Holm,se SWE,DF,Spezia,22-341,2000,15.5,1.68,0.97,0.84,0.52,0.32,0.58,2.26,2.65,0
Petko Hristov,bg BUL,DF,Spezia,24-049,1999,4.1,1.46,0.98,0.49,0.98,0,0.98,2.44,2.93,0
Elseid Hysaj,al ALB,DF,Lazio,29-058,1994,16,1.75,0.88,1.06,0.44,0.25,0.88,2.63,2.25,0
Roger Ibanez,br BRA,DF,Roma,24-147,1998,25.3,2.29,1.11,1.26,0.91,0.12,2.09,4.39,3.36,0.04
Igor,br BRA,DF,Fiorentina,25-071,1998,18.1,1.77,1.05,0.88,0.66,0.22,1.1,2.87,2.6,0.11
Ardian Ismajli,al ALB,DF,Empoli,26-201,1996,19.6,1.89,1.48,1.12,0.77,0,1.22,3.11,5.41,0
Armando Izzo,it ITA,DF,Monza,31-048,1992,19.9,2.86,1.96,1.71,1.06,0.1,1.86,4.72,3.37,0
Juan Jesus,br BRA,DF,Napoli,31-313,1991,7.9,1.52,1.01,0.89,0.51,0.13,0.76,2.28,3.04,0
Pierre Kalulu,fr FRA,DF,Milan,22-318,2000,24.6,1.95,1.34,1.1,0.73,0.12,1.42,3.37,1.95,0.04
Rick Karsdorp,nl NED,DF,Roma,28-067,1995,7.9,2.66,1.65,1.39,0.89,0.38,0.89,3.54,1.9,0.13
Denso Kasius,nl NED,DF,Bologna,20-195,2002,3.8,3.16,1.58,1.84,1.05,0.26,0.79,3.95,1.58,0
Jakub Kiwior,pl POL,DF,Spezia,23-063,2000,16,1.38,1.06,0.94,0.44,0,1.5,2.88,4.44,0.06
Simon Kjær,dk DEN,DF,Milan,34-024,1989,8.4,1.31,0.6,0.71,0.6,0,0.95,2.26,2.62,0.12
Marash Kumbulla,al ALB,DF,Roma,23-070,2000,2.7,1.48,1.48,0.74,0.74,0,1.48,2.96,2.22,0
Valentino Lazaro,at AUT,DF,Torino,27-026,1996,12.8,0.78,0.39,0.47,0,0.31,0.16,0.94,1.64,0
Manuel Lazzari,it ITA,DF,Lazio,29-141,1993,16.4,1.65,1.04,0.61,0.79,0.24,0.79,2.44,1.71,0.06
Diego Llorente,es ESP,DF,Roma,29-246,1993,3.4,0.88,0.29,0.29,0.59,0,1.18,2.06,2.65,0
Luka Lochoshvili,ge GEO,DF,Cremonese,24-325,1998,15.6,2.5,1.03,1.79,0.51,0.19,1.15,3.65,3.97,0
Matteo Lovato,it ITA,DF,Salernitana,23-064,2000,5,1.8,1.4,1.4,0.4,0,1.4,3.2,3.6,0.4
Jhon Lucumí,co COL,DF,Bologna,24-297,1998,25.2,1.79,1.19,1.31,0.44,0.04,1.15,2.94,3.61,0.04
José Luis Palomino,ar ARG,DF,Atalanta,33-104,1990,7.8,2.44,1.41,1.67,0.77,0,3.33,5.77,2.44,0
Sebastiano Luperto,it ITA,DF,Empoli,26-225,1996,27,1,0.59,0.74,0.26,0,1.19,2.19,4.96,0.04
Charalambos Lykogiannis,gr GRE,DF,Bologna,29-179,1993,11.9,1.26,0.59,0.34,0.5,0.42,1.26,2.52,2.52,0
Giangiacomo Magnani,it ITA,DF,Hellas Verona,27-197,1995,11,2.09,1.45,1.36,0.64,0.09,1.64,3.73,5.09,0
Gianluca Mancini,it ITA,DF,Roma,27-002,1996,26.2,1.22,0.57,0.92,0.27,0.04,1.49,2.71,2.18,0
Riccardo Marchizza,it ITA,DF,Sassuolo,25-024,1998,2,1,1,0.5,0.5,0,0.5,1.5,3,0
Gian Marco Ferrari,it ITA,DF,Sassuolo,31-063,1992,20.1,1.04,0.75,0.5,0.5,0.05,1.04,2.09,3.68,0.15
Pablo Marí,es ESP,DF,Monza,29-231,1993,21.6,1.25,0.56,1.06,0.19,0,0.88,2.13,4.07,0.14
Marlon,br BRA,DF,Monza,27-224,1995,14.2,2.04,1.13,1.13,0.92,0,1.27,3.31,3.03,0
Luca Marrone,it ITA,DF,Monza,33-022,1990,1.5,0,0,0,0,0,0,0,2.67,0.67
Lucas Martínez Quarta,ar ARG,DF,Fiorentina,26-344,1996,19.6,3.47,1.99,1.94,1.43,0.1,1.94,5.41,3.62,0.05
Adam Marušić,me MNE,DF,Lazio,30-184,1992,27.3,1.32,1.03,0.7,0.48,0.15,1.25,2.56,1.98,0.04
Adam Masina,ma MAR,DF,Udinese,29-107,1994,5.6,0.89,0.71,0.36,0.54,0,1.79,2.68,3.39,0.18
Pasquale Mazzocchi,it ITA,DF,Salernitana,27-266,1995,15.8,1.52,0.76,1.08,0.19,0.25,0.57,2.09,1.58,0.13
Yıldırım Mert Çetin,tr TUR,DF,Lecce,26-108,1997,0.2,5,0,5,0,0,5,10,5,0
Nikola Milenković,rs SRB,DF,Fiorentina,25-189,1997,19.2,1.51,0.94,0.78,0.57,0.16,1.04,2.55,3.18,0
Kim Min-jae,kr KOR,DF,Napoli,26-155,1996,28.2,1.7,0.89,1.03,0.64,0.04,1.17,2.87,3.83,0.04
Salvatore Molina,it ITA,DF,Monza,31-108,1992,2.5,2.4,2,0.8,1.6,0,0.4,2.8,0.8,0
Mert Müldür,tr TUR,DF,Sassuolo,24-016,1999,0.1,0,0,0,0,0,0,0,0,0
Jeison Murillo,co COL,DF,Sampdoria,30-327,1992,10.3,1.94,1.07,1.36,0.58,0,0.68,2.62,3.01,0
Nicola Murru,it ITA,DF,Sampdoria,28-124,1994,6.1,2.95,1.8,1.8,0.98,0.16,0.98,3.93,2.95,0
Dimitris Nikolaou,gr GRE,DF,Spezia,24-249,1998,26.3,1.33,0.95,0.99,0.3,0.04,0.84,2.17,2.51,0
Bram Nuytinck,nl NED,DF,Udinese,32-350,1990,4.3,1.63,0.93,0.7,0.93,0,1.16,2.79,5.12,0
Bram Nuytinck,nl NED,DF,Sampdoria,32-350,1990,12.4,3.31,2.34,2.18,1.13,0,1.53,4.84,5.48,0
Marios Oikonomou,gr GRE,DF,Sampdoria,30-195,1992,0.2,0,0,0,0,0,0,0,5,0
Caleb Okoli,it ITA,DF,Atalanta,21-280,2001,9.4,2.23,1.81,1.49,0.64,0.11,2.77,5,4.36,0.32
Mathías Olivera,uy URU,DF,Napoli,25-170,1997,11.4,2.19,1.14,0.79,0.96,0.44,1.4,3.6,1.93,0
Fabiano Parisi,it ITA,DF,Empoli,22-161,2000,25.5,2.04,1.06,1.22,0.63,0.2,1.22,3.25,2.71,0
Patric,es ESP,DF,Lazio,30-002,1993,12.9,1.01,0.62,0.62,0.23,0.16,0.78,1.78,3.49,0.08
Luca Pellegrini,it ITA,DF,Lazio,24-043,1999,0.1,0,0,0,0,0,0,0,0,0
Nehuén Pérez,ar ARG,DF,Udinese,22-299,2000,24.3,2.43,1.23,1.73,0.62,0.08,1.15,3.58,3.7,0.04
Giuseppe Pezzella,it ITA,DF,Lecce,25-141,1997,9.1,2.31,0.99,1.76,0.22,0.33,0.66,2.97,2.97,0.11
Lorenzo Pirola,it ITA,DF,Salernitana,21-058,2002,14.6,1.99,1.71,1.16,0.82,0,1.71,3.7,4.04,0.07
Marin Pongračić,hr CRO,DF,Lecce,25-220,1997,8.8,1.82,1.59,0.91,0.8,0.11,1.82,3.64,3.52,0
Stefan Posch,at AUT,DF,Bologna,25-340,1997,21.9,3.11,1.64,1.6,1.05,0.46,1.37,4.47,2.65,0
Giacomo Quagliata,it ITA,DF,Cremonese,23-059,2000,6.3,1.43,1.11,1.11,0,0.32,1.59,3.02,1.11,0
Luca Ranieri,it ITA,DF,Fiorentina,23-361,1999,3.3,1.82,0.61,1.21,0.61,0,1.82,3.64,3.33,0.3
Andrea Ranocchia,it ITA,DF,Monza,35-062,1988,0.5,6,2,2,4,0,0,6,14,0
Arkadiusz Reca,pl POL,DF,Spezia,27-306,1995,18.2,1.92,1.15,1.04,0.49,0.38,1.21,3.13,2.42,0
Panagiotis Retsos,gr GRE,DF,Hellas Verona,24-253,1998,1.4,3.57,2.86,1.43,1.43,0.71,1.43,5,2.14,0
Ricardo Rodríguez,ch SUI,DF,Torino,30-237,1992,22.7,1.98,1.19,1.19,0.57,0.22,1.28,3.26,2.16,0
Rogério,br BRA,DF,Sassuolo,25-096,1998,26.3,1.22,0.72,0.72,0.27,0.23,1.1,2.32,2.28,0
Alessio Romagnoli,it ITA,DF,Lazio,28-097,1995,25.7,1.21,0.54,0.74,0.47,0,1.01,2.22,3.54,0
Simone Romagnoli,it ITA,DF,Lecce,33-069,1990,0.3,3.33,3.33,0,3.33,0,0,3.33,6.67,0
Amir Rrahmani,xk KVX,DF,Napoli,29-054,1994,21.2,1.37,0.71,0.9,0.47,0,0.61,1.98,3.07,0.05
Ruan,br BRA,DF,Sassuolo,23-316,1999,13.3,2.03,1.43,1.43,0.53,0.08,1.2,3.23,4.81,0.15
Daniele Rugani,it ITA,DF,Juventus,28-264,1994,3.9,1.54,0,1.28,0.26,0,1.03,2.56,4.62,0
Mário Rui,pt POR,DF,Napoli,31-327,1991,18.6,1.67,1.08,0.86,0.59,0.22,0.81,2.47,1.29,0.05
Junior Sambia,fr FRA,DF,Salernitana,26-224,1996,6.5,1.69,0.77,0.92,0.62,0.15,0.62,2.31,2.46,0.15
Alex Sandro,br BRA,DF,Juventus,32-083,1991,17.2,1.45,0.81,0.64,0.7,0.12,0.76,2.21,3.31,0
Giorgio Scalvini,it ITA,DF,Atalanta,19-129,2003,18.8,2.29,1.17,1.38,0.59,0.32,1.91,4.2,2.29,0.05